{"stats":{"minecraft:broken":{"minecraft:stone_axe":2},"minecraft:killed":{"minecraft:spider":5,"alexsmobs:kangaroo":2,"minecraft:pig":4,"alexsmobs:emu":3,"minecraft:sheep":6,"minecraft:zombie":8,"minecraft:cow":5},"minecraft:crafted":{"minecraft:oak_planks":64,"minecraft:stone_shovel":1,"minecraft:furnace":2,"minecraft:cooked_mutton":7,"minecraft:iron_boots":1,"minecraft:iron_axe":1,"minecraft:stone_pickaxe":1,"minecraft:chest":6,"minecraft:stone_hoe":1,"minecraft:smoker":1,"minecraft:cooked_beef":8,"minecraft:oak_slab":12,"sophisticatedbackpacks:backpack":1,"minecraft:emerald":42,"minecraft:cooked_porkchop":8,"minecraft:crafting_table":2,"minecraft:acacia_slab":18,"minecraft:wooden_pickaxe":1,"minecraft:iron_helmet":1,"minecraft:smithing_table":1,"minecraft:fletching_table":4,"minecraft:bucket":1,"minecraft:stone_axe":14,"minecraft:air":0,"minecraft:oak_boat":1,"minecraft:iron_chestplate":1,"minecraft:charcoal":3,"minecraft:shield":1,"minecraft:stick":1408,"minecraft:iron_pickaxe":1,"minecraft:wooden_axe":1,"minecraft:stone_sword":1,"minecraft:acacia_door":3,"minecraft:iron_leggings":1,"minecraft:acacia_planks":824,"minecraft:torch":32},"minecraft:dropped":{"minecraft:wheat_seeds":1,"minecraft:brown_banner":7,"alexsmobs:emu_feather":1,"sophisticatedbackpacks:backpack":1,"minecraft:cooked_mutton":3},"minecraft:mined":{"biomesoplenty:desert_grass":3,"biomesoplenty:bush":1,"minecraft:acacia_log":140,"minecraft:grass_block":10,"minecraft:acacia_slab":2,"minecraft:cartography_table":2,"minecraft:furnace":2,"minecraft:iron_ore":1,"minecraft:acacia_wood":73,"minecraft:andesite":2,"minecraft:fletching_table":2,"minecraft:bell":2,"minecraft:dirt_path":3,"minecraft:stripped_acacia_log":1,"minecraft:stone":74,"minecraft:white_wool":4,"minecraft:orange_bed":7,"minecraft:oak_slab":1,"minecraft:acacia_leaves":3,"minecraft:glass_pane":1,"minecraft:red_bed":5,"minecraft:smoker":2,"biomesoplenty:wildflower":1,"minecraft:crafting_table":6,"minecraft:torch":1,"minecraft:melon":10,"minecraft:chest":1,"minecraft:tall_grass":5,"minecraft:cobblestone":3,"minecraft:oak_planks":8,"minecraft:sugar_cane":10,"minecraft:diorite":1,"minecraft:wall_torch":1,"minecraft:birch_log":43,"minecraft:birch_leaves":8,"minecraft:grass":38,"minecraft:coal_ore":13,"minecraft:oak_log":35,"minecraft:gravel":100,"minecraft:dirt":16,"minecraft:acacia_planks":3,"minecraft:stripped_acacia_wood":1,"minecraft:oak_leaves":4},"minecraft:picked_up":{"minecraft:charcoal":1,"minecraft:crafting_table":6,"minecraft:allium":1,"minecraft:string":6,"minecraft:red_bed":4,"minecraft:acacia_door":1,"alexsmobs:emu_feather":2,"minecraft:cartography_table":2,"minecraft:beef":10,"minecraft:melon_slice":56,"biomesoplenty:wildflower":1,"minecraft:sugar_cane":22,"minecraft:chest":1,"minecraft:furnace":2,"minecraft:stick":1,"minecraft:raw_iron":1,"minecraft:torch":15,"minecraft:acacia_log":140,"sophisticatedbackpacks:backpack":1,"minecraft:porkchop":8,"minecraft:diorite":10,"minecraft:orange_bed":7,"minecraft:rotten_flesh":6,"minecraft:mutton":11,"alexsmobs:kangaroo_meat":2,"minecraft:cobblestone":77,"minecraft:white_wool":10,"minecraft:birch_log":43,"minecraft:feather":1,"minecraft:andesite":2,"minecraft:leather":4,"minecraft:smoker":2,"minecraft:acacia_wood":70,"minecraft:flint":9,"minecraft:oak_log":35,"minecraft:dirt":25,"minecraft:cooked_mutton":3,"minecraft:acacia_planks":3,"minecraft:wheat_seeds":15,"minecraft:bell":2,"minecraft:iron_ingot":36,"minecraft:fletching_table":2,"minecraft:oak_planks":8,"minecraft:oak_slab":1,"minecraft:stripped_acacia_wood":1,"minecraft:gravel":98,"minecraft:spider_eye":1,"minecraft:stripped_acacia_log":1,"alexsmobs:kangaroo_hide":1,"minecraft:bread":64,"minecraft:acacia_slab":3,"minecraft:brown_banner":7,"minecraft:coal":13},"minecraft:custom":{"minecraft:interact_with_smithing_table":1,"minecraft:mob_kills":35,"minecraft:interact_with_crafting_table":33,"minecraft:bell_ring":27,"minecraft:damage_dealt_resisted":5,"minecraft:leave_game":1,"minecraft:time_since_death":103071,"minecraft:sprint_one_cm":265551,"minecraft:walk_one_cm":154011,"minecraft:damage_blocked_by_shield":605,"minecraft:drop":5,"minecraft:talked_to_villager":28,"minecraft:play_time":103071,"minecraft:sneak_time":13583,"minecraft:walk_under_water_one_cm":3290,"minecraft:boat_one_cm":44809,"minecraft:jump":1780,"minecraft:walk_on_water_one_cm":4450,"minecraft:total_world_time":103071,"minecraft:interact_with_furnace":6,"minecraft:traded_with_villager":54,"minecraft:interact_with_loom":1,"minecraft:sleep_in_bed":4,"minecraft:time_since_rest":36776,"minecraft:damage_taken":848,"minecraft:damage_dealt":5651,"minecraft:swim_one_cm":6756,"minecraft:fly_one_cm":331183,"minecraft:open_chest":56,"minecraft:crouch_one_cm":49210,"minecraft:interact_with_smoker":8,"minecraft:fall_one_cm":39342},"minecraft:used":{"minecraft:stone_sword":121,"minecraft:acacia_log":6,"minecraft:stone_shovel":64,"minecraft:chest":5,"minecraft:shield":16,"minecraft:bell":1,"minecraft:stone_hoe":2,"minecraft:rotten_flesh":1,"minecraft:orange_bed":6,"minecraft:torch":36,"minecraft:dirt":20,"minecraft:wooden_axe":30,"minecraft:acacia_slab":21,"minecraft:furnace":2,"minecraft:acacia_planks":39,"minecraft:cooked_mutton":3,"minecraft:diorite":10,"minecraft:stone_pickaxe":104,"minecraft:oak_planks":39,"minecraft:cartography_table":1,"minecraft:wooden_pickaxe":13,"minecraft:fletching_table":6,"minecraft:sugar_cane":20,"minecraft:white_wool":6,"minecraft:oak_slab":9,"minecraft:crafting_table":8,"minecraft:red_bed":2,"minecraft:smoker":3,"minecraft:acacia_door":2,"minecraft:bread":15,"minecraft:gravel":91,"minecraft:stone_axe":338,"minecraft:cobblestone":47,"minecraft:cooked_porkchop":4,"minecraft:smithing_table":1,"minecraft:birch_log":2,"minecraft:bucket":1,"minecraft:oak_boat":1}},"DataVersion":3465}