{"stats":{"minecraft:broken":{"minecraft:stone_sword":1,"minecraft:iron_axe":1,"minecraft:stone_axe":6},"minecraft:killed":{"minecraft:spider":5,"minecraft:horse":2,"minecraft:skeleton":7,"alexsmobs:kangaroo":2,"minecraft:pig":4,"alexsmobs:grizzly_bear":1,"alexsmobs:rhinoceros":1,"alexsmobs:emu":3,"minecraft:sheep":6,"minecraft:zombie":17,"alexsmobs:gazelle":1,"minecraft:cow":5},"minecraft:crafted":{"minecraft:oak_planks":76,"minecraft:stone_shovel":1,"minecraft:furnace":2,"minecraft:cooked_mutton":7,"minecraft:iron_boots":1,"minecraft:iron_axe":2,"minecraft:stone_pickaxe":1,"minecraft:chest":10,"minecraft:stone_hoe":1,"minecraft:smoker":1,"minecraft:cooked_beef":8,"minecraft:oak_slab":12,"sophisticatedbackpacks:backpack":3,"minecraft:emerald":213,"minecraft:cooked_porkchop":8,"minecraft:crafting_table":3,"minecraft:spruce_planks":8,"minecraft:acacia_slab":18,"minecraft:wooden_pickaxe":1,"minecraft:iron_helmet":1,"minecraft:iron_sword":1,"minecraft:smithing_table":1,"minecraft:fletching_table":4,"minecraft:bucket":1,"minecraft:birch_planks":2776,"minecraft:stone_axe":17,"minecraft:air":0,"minecraft:blue_dye":1,"minecraft:oak_boat":1,"minecraft:iron_chestplate":1,"minecraft:charcoal":3,"minecraft:shield":1,"minecraft:stick":6928,"minecraft:iron_pickaxe":2,"minecraft:wooden_axe":1,"minecraft:stone_sword":1,"minecraft:acacia_door":3,"minecraft:iron_leggings":1,"minecraft:acacia_planks":824,"minecraft:torch":32},"minecraft:dropped":{"minecraft:wheat_seeds":1,"minecraft:brown_banner":7,"minecraft:mutton":2,"alexsmobs:emu_feather":1,"alexsmobs:gazelle_horn":4,"sophisticatedbackpacks:backpack":4,"minecraft:cooked_mutton":3,"minecraft:stone_pickaxe":1},"minecraft:mined":{"minecraft:tuff":1,"minecraft:deepslate_diamond_ore":2,"biomesoplenty:desert_grass":4,"biomesoplenty:bush":4,"minecraft:acacia_log":140,"minecraft:grass_block":10,"minecraft:spruce_leaves":1,"minecraft:acacia_slab":2,"minecraft:cartography_table":2,"minecraft:furnace":3,"minecraft:iron_ore":9,"minecraft:acacia_wood":73,"minecraft:andesite":2,"minecraft:deepslate_lapis_ore":2,"minecraft:fletching_table":6,"minecraft:bell":2,"minecraft:pointed_dripstone":1,"minecraft:deepslate_iron_ore":2,"minecraft:dirt_path":3,"minecraft:stripped_acacia_log":1,"minecraft:bamboo":1,"minecraft:stone":76,"minecraft:white_wool":4,"minecraft:orange_bed":7,"minecraft:deepslate_redstone_ore":16,"minecraft:oak_slab":1,"minecraft:acacia_leaves":3,"minecraft:glass_pane":1,"minecraft:red_bed":5,"minecraft:smoker":3,"biomesoplenty:wildflower":1,"minecraft:crafting_table":8,"minecraft:torch":1,"minecraft:melon":10,"minecraft:chest":1,"minecraft:tall_grass":5,"minecraft:cobblestone":3,"minecraft:deepslate_gold_ore":4,"minecraft:lapis_ore":1,"minecraft:oak_planks":8,"minecraft:sugar_cane":16,"minecraft:diorite":1,"minecraft:wall_torch":1,"minecraft:birch_log":697,"minecraft:spruce_log":2,"minecraft:birch_leaves":28,"minecraft:grass":45,"minecraft:coal_ore":20,"minecraft:oak_log":39,"minecraft:gravel":100,"minecraft:dirt":19,"minecraft:acacia_planks":3,"minecraft:stripped_acacia_wood":1,"minecraft:gold_ore":1,"minecraft:oak_leaves":8,"minecraft:deepslate":18},"minecraft:picked_up":{"minecraft:charcoal":1,"minecraft:iron_chestplate":1,"minecraft:crafting_table":8,"minecraft:allium":1,"minecraft:brewing_stand":1,"minecraft:shield":1,"alexsmobs:gazelle_horn":4,"minecraft:string":10,"minecraft:red_bed":5,"minecraft:iron_axe":1,"minecraft:raw_copper":6,"minecraft:acacia_door":1,"minecraft:iron_leggings":1,"alexsmobs:emu_feather":2,"minecraft:cartography_table":2,"minecraft:cobbled_deepslate":18,"minecraft:bucket":1,"minecraft:beef":15,"minecraft:iron_pickaxe":2,"minecraft:melon_slice":56,"biomesoplenty:wildflower":1,"minecraft:sugar_cane":34,"minecraft:chest":1,"minecraft:birch_sapling":22,"minecraft:iron_boots":1,"minecraft:furnace":2,"minecraft:stick":20,"minecraft:raw_iron":11,"minecraft:torch":15,"minecraft:acacia_log":140,"sophisticatedbackpacks:backpack":4,"minecraft:porkchop":8,"minecraft:pointed_dripstone":5,"minecraft:diorite":10,"minecraft:carrot":1,"minecraft:redstone":70,"minecraft:orange_bed":7,"minecraft:arrow":6,"minecraft:rotten_flesh":13,"minecraft:mutton":13,"alexsmobs:kangaroo_meat":2,"minecraft:cobblestone":79,"minecraft:white_wool":10,"minecraft:birch_log":696,"minecraft:feather":1,"minecraft:andesite":2,"minecraft:leather":6,"minecraft:smoker":4,"minecraft:acacia_wood":70,"alexsmobs:bear_fur":1,"minecraft:flint":9,"minecraft:tuff":1,"minecraft:oak_log":39,"minecraft:lapis_lazuli":23,"minecraft:dirt":34,"minecraft:cooked_mutton":3,"minecraft:bone":9,"minecraft:acacia_planks":3,"minecraft:raw_gold":5,"minecraft:stone_pickaxe":1,"minecraft:wheat_seeds":15,"minecraft:bell":2,"minecraft:iron_ingot":86,"minecraft:fletching_table":6,"minecraft:bamboo":7,"minecraft:iron_sword":1,"minecraft:oak_planks":8,"minecraft:oak_slab":1,"minecraft:stripped_acacia_wood":1,"minecraft:gravel":98,"minecraft:spruce_log":2,"minecraft:spider_eye":1,"minecraft:stripped_acacia_log":1,"alexsmobs:kangaroo_hide":1,"minecraft:diamond":2,"minecraft:stone_axe":1,"minecraft:iron_helmet":1,"minecraft:bread":128,"minecraft:acacia_slab":3,"minecraft:brown_banner":7,"minecraft:coal":53},"minecraft:custom":{"minecraft:interact_with_smithing_table":2,"minecraft:mob_kills":56,"minecraft:interact_with_crafting_table":37,"minecraft:bell_ring":27,"minecraft:damage_dealt_resisted":5,"minecraft:leave_game":2,"minecraft:time_since_death":0,"minecraft:climb_one_cm":113,"minecraft:sprint_one_cm":453445,"minecraft:walk_one_cm":271136,"minecraft:damage_blocked_by_shield":915,"minecraft:drop":13,"minecraft:talked_to_villager":71,"minecraft:play_time":185595,"minecraft:deaths":2,"minecraft:sneak_time":21117,"minecraft:walk_under_water_one_cm":4776,"minecraft:boat_one_cm":44809,"minecraft:jump":2886,"minecraft:walk_on_water_one_cm":9789,"minecraft:total_world_time":185595,"minecraft:interact_with_furnace":10,"minecraft:traded_with_villager":228,"minecraft:interact_with_loom":1,"minecraft:sleep_in_bed":9,"minecraft:time_since_rest":53,"minecraft:damage_taken":2056,"minecraft:damage_dealt":10401,"minecraft:swim_one_cm":18977,"minecraft:fly_one_cm":518386,"minecraft:open_chest":82,"minecraft:crouch_one_cm":67783,"minecraft:interact_with_smoker":8,"minecraft:fall_one_cm":69082},"minecraft:used":{"minecraft:stone_sword":133,"minecraft:acacia_log":6,"minecraft:stone_shovel":64,"minecraft:chest":7,"minecraft:shield":26,"minecraft:iron_sword":36,"minecraft:bell":1,"minecraft:stone_hoe":2,"minecraft:rotten_flesh":1,"minecraft:orange_bed":6,"minecraft:torch":36,"minecraft:dirt":29,"minecraft:wooden_axe":30,"minecraft:iron_axe":244,"minecraft:acacia_slab":21,"minecraft:furnace":2,"minecraft:cobbled_deepslate":12,"minecraft:acacia_planks":39,"minecraft:cooked_mutton":3,"minecraft:water_bucket":2,"minecraft:diorite":10,"minecraft:stone_pickaxe":104,"minecraft:oak_planks":39,"minecraft:cartography_table":1,"minecraft:wooden_pickaxe":13,"minecraft:fletching_table":6,"minecraft:sugar_cane":20,"minecraft:white_wool":6,"minecraft:oak_slab":9,"minecraft:crafting_table":9,"minecraft:red_bed":3,"minecraft:smoker":3,"minecraft:acacia_door":2,"minecraft:bread":35,"minecraft:iron_pickaxe":68,"minecraft:gravel":91,"minecraft:stone_axe":815,"minecraft:cobblestone":49,"minecraft:cooked_porkchop":4,"minecraft:smithing_table":1,"minecraft:birch_log":2,"minecraft:bucket":3,"minecraft:oak_boat":1},"minecraft:killed_by":{"minecraft:player":1}},"DataVersion":3465}