{"stats":{"minecraft:used":{"alexsmobs:emu_egg":1,"minecraft:calcite":1,"minecraft:oak_trapdoor":2,"minecraft:water_bucket":10,"minecraft:stone_sword":46,"minecraft:stone_pickaxe":74,"minecraft:oak_planks":116,"minecraft:shield":19,"minecraft:spruce_planks":33,"minecraft:chest":1,"minecraft:wooden_pickaxe":10,"biomesoplenty:lavender":2,"minecraft:oak_door":1,"minecraft:torch":30,"minecraft:dirt":13,"minecraft:oak_slab":17,"minecraft:crafting_table":4,"minecraft:blast_furnace":1,"minecraft:white_bed":3,"biomesoplenty:wildflower":2,"minecraft:shears":1,"minecraft:wooden_axe":72,"minecraft:lever":1,"minecraft:bread":14,"minecraft:string":2,"minecraft:iron_pickaxe":20,"minecraft:gravel":1,"minecraft:stone_axe":32,"minecraft:tripwire_hook":2,"minecraft:cobblestone":3,"minecraft:furnace":2,"minecraft:bucket":10,"minecraft:yellow_bed":3},"minecraft:dropped":{"minecraft:wheat_seeds":15,"biomesoplenty:goldenrod":5,"minecraft:spider_eye":1},"minecraft:custom":{"minecraft:interact_with_furnace":17,"minecraft:mob_kills":16,"minecraft:interact_with_crafting_table":20,"minecraft:leave_game":1,"minecraft:time_since_death":116583,"minecraft:sleep_in_bed":3,"minecraft:time_since_rest":7873,"minecraft:sprint_one_cm":168206,"minecraft:damage_taken":327,"minecraft:walk_one_cm":146198,"minecraft:damage_blocked_by_shield":450,"minecraft:drop":3,"minecraft:damage_dealt":2542,"minecraft:swim_one_cm":11936,"minecraft:fly_one_cm":208350,"minecraft:open_chest":19,"minecraft:crouch_one_cm":21044,"minecraft:play_time":116583,"minecraft:sneak_time":6972,"minecraft:walk_under_water_one_cm":5578,"minecraft:jump":1077,"minecraft:interact_with_blast_furnace":12,"minecraft:walk_on_water_one_cm":9142,"minecraft:total_world_time":116583,"minecraft:fall_one_cm":24788},"minecraft:mined":{"minecraft:white_bed":3,"minecraft:spruce_planks":6,"biomesoplenty:wildflower":19,"biomesoplenty:desert_grass":16,"minecraft:brewing_stand":1,"minecraft:crafting_table":2,"minecraft:torch":2,"biomesoplenty:bush":20,"minecraft:grass_block":8,"minecraft:calcite":1,"minecraft:tall_grass":2,"minecraft:cobblestone":3,"minecraft:oak_planks":27,"biomesoplenty:goldenrod":7,"minecraft:hay_block":30,"minecraft:furnace":1,"minecraft:iron_ore":27,"biomesoplenty:lavender":5,"minecraft:spruce_log":8,"minecraft:yellow_bed":3,"minecraft:grass":210,"minecraft:oak_log":41,"minecraft:coal_ore":24,"minecraft:gravel":1,"minecraft:dirt":7,"minecraft:stripped_oak_log":2,"minecraft:stonecutter":1,"minecraft:stone":39,"minecraft:gold_ore":7,"minecraft:oak_leaves":17,"minecraft:tripwire":1},"minecraft:picked_up":{"biomesoplenty:lavender":4,"minecraft:crafting_table":2,"biomesoplenty:goldenrod":5,"minecraft:oak_log":41,"minecraft:brewing_stand":1,"minecraft:yellow_bed":3,"minecraft:gunpowder":2,"minecraft:string":4,"minecraft:dirt":15,"minecraft:bone":8,"minecraft:bow":2,"minecraft:wheat_seeds":25,"minecraft:raw_gold":7,"minecraft:spruce_planks":6,"minecraft:calcite":1,"biomesoplenty:wildflower":23,"minecraft:oak_planks":27,"minecraft:furnace":1,"minecraft:stick":2,"minecraft:raw_iron":27,"minecraft:oak_door":1,"minecraft:torch":2,"minecraft:gravel":1,"minecraft:white_bed":3,"minecraft:spruce_log":8,"minecraft:spider_eye":1,"minecraft:arrow":14,"minecraft:rotten_flesh":3,"minecraft:hay_block":30,"alexsmobs:emu_egg":1,"minecraft:coal":24,"minecraft:cobblestone":42,"minecraft:stripped_oak_log":2},"minecraft:crafted":{"minecraft:smooth_stone":3,"minecraft:oak_slab":18,"minecraft:oak_planks":172,"minecraft:tripwire_hook":2,"minecraft:crafting_table":2,"minecraft:spruce_planks":32,"minecraft:wooden_pickaxe":1,"minecraft:furnace":2,"minecraft:blast_furnace":1,"minecraft:stone":3,"minecraft:lever":1,"minecraft:bucket":2,"minecraft:stone_axe":1,"minecraft:bread":90,"minecraft:air":0,"minecraft:oak_trapdoor":2,"minecraft:bow":1,"minecraft:iron_chestplate":1,"minecraft:shield":1,"minecraft:stick":16,"minecraft:iron_ingot":26,"minecraft:iron_pickaxe":1,"minecraft:stone_pickaxe":1,"minecraft:wooden_axe":1,"minecraft:stone_sword":1,"minecraft:chest":1,"minecraft:torch":28,"minecraft:shears":1,"minecraft:wheat":270},"minecraft:killed":{"minecraft:spider":2,"minecraft:creeper":1,"alexsmobs:emu":1,"minecraft:skeleton":6,"minecraft:zombie":3}},"DataVersion":3465}