{"stats":{"minecraft:broken":{"minecraft:stone_shovel":1},"minecraft:killed":{"minecraft:cave_spider":3,"minecraft:spider":3,"minecraft:skeleton":6,"minecraft:iron_golem":1,"minecraft:creeper":1,"alexsmobs:emu":1,"minecraft:zombie":10},"minecraft:crafted":{"minecraft:oak_planks":196,"minecraft:smooth_stone":3,"minecraft:stone_shovel":1,"minecraft:tripwire_hook":2,"minecraft:furnace":2,"minecraft:blast_furnace":1,"minecraft:stone":3,"minecraft:lever":1,"minecraft:oak_trapdoor":2,"minecraft:bow":1,"minecraft:iron_axe":1,"minecraft:stone_pickaxe":1,"minecraft:chest":1,"minecraft:wheat":270,"minecraft:oak_slab":18,"minecraft:emerald":6,"minecraft:crafting_table":3,"minecraft:spruce_planks":32,"minecraft:wooden_pickaxe":1,"minecraft:fletching_table":5,"minecraft:bucket":2,"minecraft:stone_axe":1,"minecraft:bread":90,"minecraft:air":0,"minecraft:iron_chestplate":1,"minecraft:shield":1,"minecraft:stick":220,"minecraft:iron_ingot":27,"minecraft:iron_pickaxe":1,"minecraft:wooden_axe":1,"minecraft:stone_sword":1,"minecraft:torch":28,"minecraft:shears":1},"minecraft:dropped":{"minecraft:wheat_seeds":15,"biomesoplenty:goldenrod":5,"minecraft:spider_eye":1},"minecraft:mined":{"minecraft:tuff":5,"minecraft:spruce_planks":6,"minecraft:white_bed":3,"biomesoplenty:desert_grass":16,"minecraft:brewing_stand":1,"biomesoplenty:bush":20,"minecraft:grass_block":12,"minecraft:spruce_leaves":4,"minecraft:hay_block":30,"minecraft:carrots":9,"minecraft:furnace":1,"minecraft:iron_ore":36,"biomesoplenty:lavender":5,"minecraft:fletching_table":3,"biomesoplenty:hanging_cobweb":3,"minecraft:potatoes":2,"biomesoplenty:webbing":45,"minecraft:stripped_oak_log":8,"biomesoplenty:spider_egg":3,"minecraft:stone":142,"minecraft:tripwire":1,"biomesoplenty:wildflower":19,"biomesoplenty:hanging_cobweb_strand":1,"minecraft:crafting_table":3,"minecraft:torch":2,"minecraft:calcite":1,"minecraft:sculk_sensor":1,"minecraft:tall_grass":2,"minecraft:cobblestone":4,"minecraft:oak_planks":31,"minecraft:diorite":9,"biomesoplenty:goldenrod":7,"minecraft:wheat":13,"minecraft:spruce_log":9,"minecraft:yellow_bed":3,"minecraft:grass":221,"minecraft:coal_ore":36,"minecraft:oak_log":41,"minecraft:beetroots":1,"minecraft:gravel":136,"minecraft:dirt":14,"minecraft:cobweb":2,"minecraft:stonecutter":1,"minecraft:gold_ore":7,"minecraft:oak_leaves":17,"minecraft:deepslate":4},"minecraft:picked_up":{"minecraft:crafting_table":3,"minecraft:wheat":10,"minecraft:brewing_stand":1,"minecraft:string":8,"minecraft:beetroot":1,"minecraft:cobbled_deepslate":4,"minecraft:spruce_planks":6,"minecraft:calcite":1,"biomesoplenty:wildflower":23,"biomesoplenty:hanging_cobweb":2,"minecraft:furnace":1,"minecraft:raw_iron":36,"minecraft:stick":2,"minecraft:oak_door":2,"minecraft:torch":2,"minecraft:diorite":9,"minecraft:carrot":34,"minecraft:arrow":14,"minecraft:rotten_flesh":7,"minecraft:beetroot_seeds":4,"minecraft:hay_block":30,"alexsmobs:emu_egg":1,"minecraft:cobblestone":146,"minecraft:stripped_oak_log":8,"biomesoplenty:lavender":4,"minecraft:glow_ink_sac":3,"biomesoplenty:goldenrod":5,"minecraft:potato":8,"minecraft:flint":14,"minecraft:tuff":5,"minecraft:oak_log":41,"minecraft:yellow_bed":3,"minecraft:gunpowder":2,"minecraft:dirt":26,"minecraft:bone":8,"biomesoplenty:webbing":82,"minecraft:bow":2,"minecraft:wheat_seeds":53,"minecraft:raw_gold":7,"minecraft:iron_ingot":3,"minecraft:cobweb":2,"minecraft:fletching_table":3,"minecraft:oak_planks":31,"minecraft:gravel":120,"minecraft:white_bed":3,"minecraft:spruce_log":9,"minecraft:spider_eye":2,"minecraft:coal":36},"minecraft:custom":{"minecraft:mob_kills":28,"minecraft:interact_with_crafting_table":25,"minecraft:leave_game":3,"minecraft:time_since_death":6863,"minecraft:sprint_one_cm":253876,"minecraft:walk_one_cm":210292,"minecraft:damage_blocked_by_shield":450,"minecraft:drop":3,"minecraft:talked_to_villager":20,"minecraft:play_time":166038,"minecraft:deaths":1,"minecraft:sneak_time":11457,"minecraft:walk_under_water_one_cm":6404,"minecraft:jump":1826,"minecraft:interact_with_blast_furnace":15,"minecraft:walk_on_water_one_cm":13931,"minecraft:total_world_time":166038,"minecraft:interact_with_furnace":20,"minecraft:traded_with_villager":6,"minecraft:sleep_in_bed":3,"minecraft:time_since_rest":7202,"minecraft:damage_taken":1123,"minecraft:damage_dealt":5660,"minecraft:fly_one_cm":351743,"minecraft:swim_one_cm":23352,"minecraft:open_chest":27,"minecraft:crouch_one_cm":37199,"minecraft:fall_one_cm":41574},"minecraft:used":{"alexsmobs:emu_egg":1,"minecraft:oak_trapdoor":2,"minecraft:stone_sword":99,"minecraft:stone_shovel":131,"minecraft:spruce_planks":33,"minecraft:chest":1,"minecraft:shield":19,"minecraft:oak_door":1,"minecraft:torch":30,"minecraft:dirt":23,"minecraft:carrot":32,"minecraft:wooden_axe":72,"minecraft:tripwire_hook":2,"minecraft:furnace":2,"minecraft:calcite":1,"minecraft:water_bucket":13,"minecraft:stone_pickaxe":74,"minecraft:oak_planks":123,"minecraft:wooden_pickaxe":10,"biomesoplenty:lavender":2,"minecraft:fletching_table":8,"minecraft:oak_slab":17,"minecraft:crafting_table":5,"minecraft:blast_furnace":1,"minecraft:white_bed":3,"biomesoplenty:wildflower":2,"minecraft:shears":3,"minecraft:lever":1,"minecraft:bread":25,"minecraft:string":2,"minecraft:iron_pickaxe":168,"minecraft:gravel":120,"minecraft:stone_axe":46,"minecraft:cobblestone":12,"minecraft:bucket":15,"minecraft:yellow_bed":3},"minecraft:killed_by":{"minecraft:warden":1}},"DataVersion":3465}