{"stats":{"minecraft:broken":{"minecraft:stone_shovel":1},"minecraft:killed":{"minecraft:cave_spider":3,"minecraft:spider":2,"minecraft:iron_golem":1,"minecraft:creeper":1,"alexsmobs:emu":1,"minecraft:skeleton":6,"minecraft:zombie":8},"minecraft:crafted":{"minecraft:smooth_stone":3,"minecraft:oak_slab":18,"minecraft:oak_planks":196,"minecraft:stone_shovel":1,"minecraft:emerald":6,"minecraft:tripwire_hook":2,"minecraft:crafting_table":3,"minecraft:spruce_planks":32,"minecraft:wooden_pickaxe":1,"minecraft:furnace":2,"minecraft:blast_furnace":1,"minecraft:stone":3,"minecraft:fletching_table":5,"minecraft:lever":1,"minecraft:bucket":2,"minecraft:stone_axe":1,"minecraft:bread":90,"minecraft:air":0,"minecraft:oak_trapdoor":2,"minecraft:bow":1,"minecraft:iron_chestplate":1,"minecraft:shield":1,"minecraft:iron_axe":1,"minecraft:stick":220,"minecraft:iron_ingot":27,"minecraft:iron_pickaxe":1,"minecraft:stone_pickaxe":1,"minecraft:wooden_axe":1,"minecraft:stone_sword":1,"minecraft:chest":1,"minecraft:torch":28,"minecraft:shears":1,"minecraft:wheat":270},"minecraft:dropped":{"minecraft:wheat_seeds":15,"biomesoplenty:goldenrod":5,"minecraft:spider_eye":1},"minecraft:mined":{"minecraft:white_bed":3,"minecraft:spruce_planks":6,"biomesoplenty:wildflower":19,"biomesoplenty:desert_grass":16,"minecraft:brewing_stand":1,"minecraft:crafting_table":3,"minecraft:torch":2,"biomesoplenty:bush":20,"minecraft:grass_block":12,"minecraft:calcite":1,"minecraft:tall_grass":2,"minecraft:cobblestone":4,"minecraft:spruce_leaves":4,"minecraft:oak_planks":30,"biomesoplenty:goldenrod":7,"minecraft:hay_block":30,"minecraft:furnace":1,"minecraft:iron_ore":36,"biomesoplenty:lavender":5,"minecraft:spruce_log":8,"minecraft:fletching_table":3,"minecraft:yellow_bed":3,"minecraft:grass":221,"minecraft:oak_log":41,"minecraft:coal_ore":36,"biomesoplenty:webbing":1,"minecraft:gravel":135,"minecraft:dirt":10,"minecraft:stripped_oak_log":8,"biomesoplenty:spider_egg":3,"minecraft:stonecutter":1,"minecraft:stone":86,"minecraft:gold_ore":7,"minecraft:oak_leaves":17,"minecraft:tripwire":1},"minecraft:picked_up":{"biomesoplenty:lavender":4,"minecraft:stripped_oak_log":8,"minecraft:crafting_table":3,"biomesoplenty:goldenrod":5,"minecraft:flint":14,"minecraft:oak_log":41,"minecraft:brewing_stand":1,"minecraft:yellow_bed":3,"minecraft:gunpowder":2,"minecraft:dirt":22,"minecraft:string":8,"minecraft:bone":8,"minecraft:bow":2,"minecraft:wheat_seeds":25,"minecraft:raw_gold":7,"minecraft:spruce_planks":6,"minecraft:iron_ingot":3,"minecraft:calcite":1,"minecraft:fletching_table":3,"biomesoplenty:wildflower":23,"minecraft:oak_planks":30,"minecraft:furnace":1,"minecraft:stick":2,"minecraft:raw_iron":36,"minecraft:oak_door":1,"minecraft:torch":2,"minecraft:gravel":119,"minecraft:white_bed":3,"minecraft:spruce_log":8,"minecraft:spider_eye":2,"minecraft:arrow":14,"minecraft:rotten_flesh":5,"minecraft:hay_block":30,"alexsmobs:emu_egg":1,"minecraft:coal":36,"minecraft:cobblestone":90},"minecraft:custom":{"minecraft:interact_with_furnace":20,"minecraft:mob_kills":25,"minecraft:traded_with_villager":6,"minecraft:interact_with_crafting_table":25,"minecraft:leave_game":1,"minecraft:time_since_death":145754,"minecraft:sleep_in_bed":3,"minecraft:time_since_rest":37044,"minecraft:sprint_one_cm":231555,"minecraft:damage_taken":693,"minecraft:walk_one_cm":192717,"minecraft:damage_blocked_by_shield":450,"minecraft:drop":3,"minecraft:damage_dealt":4908,"minecraft:talked_to_villager":20,"minecraft:swim_one_cm":22969,"minecraft:fly_one_cm":335137,"minecraft:open_chest":25,"minecraft:crouch_one_cm":31977,"minecraft:play_time":145754,"minecraft:sneak_time":9170,"minecraft:walk_under_water_one_cm":6181,"minecraft:jump":1695,"minecraft:interact_with_blast_furnace":15,"minecraft:walk_on_water_one_cm":10347,"minecraft:total_world_time":145754,"minecraft:fall_one_cm":39364},"minecraft:used":{"minecraft:calcite":1,"minecraft:oak_trapdoor":2,"minecraft:water_bucket":12,"minecraft:stone_sword":87,"minecraft:stone_shovel":131,"minecraft:stone_pickaxe":74,"minecraft:oak_planks":122,"minecraft:chest":1,"minecraft:spruce_planks":33,"minecraft:wooden_pickaxe":10,"minecraft:shield":19,"biomesoplenty:lavender":2,"minecraft:fletching_table":8,"minecraft:oak_door":1,"minecraft:torch":30,"minecraft:dirt":16,"minecraft:oak_slab":17,"minecraft:crafting_table":5,"minecraft:blast_furnace":1,"minecraft:white_bed":3,"biomesoplenty:wildflower":2,"minecraft:shears":1,"minecraft:wooden_axe":72,"minecraft:lever":1,"minecraft:bread":23,"minecraft:string":2,"minecraft:iron_pickaxe":90,"minecraft:gravel":119,"minecraft:stone_axe":46,"minecraft:tripwire_hook":2,"minecraft:cobblestone":10,"minecraft:furnace":2,"minecraft:bucket":14,"minecraft:yellow_bed":3,"alexsmobs:emu_egg":1}},"DataVersion":3465}