{"stats":{"minecraft:used":{"alexsmobs:emu_egg":1,"minecraft:calcite":1,"minecraft:stone_sword":7,"minecraft:stone_pickaxe":69,"minecraft:oak_planks":58,"minecraft:spruce_planks":33,"minecraft:chest":1,"minecraft:wooden_pickaxe":10,"biomesoplenty:lavender":2,"minecraft:oak_door":1,"minecraft:dirt":13,"minecraft:oak_slab":17,"minecraft:crafting_table":4,"minecraft:blast_furnace":1,"minecraft:white_bed":2,"biomesoplenty:wildflower":2,"minecraft:wooden_axe":72,"minecraft:bread":7,"minecraft:gravel":1,"minecraft:stone_axe":1,"minecraft:furnace":2,"minecraft:yellow_bed":3},"minecraft:custom":{"minecraft:interact_with_furnace":15,"minecraft:mob_kills":3,"minecraft:interact_with_crafting_table":11,"minecraft:leave_game":1,"minecraft:time_since_death":92583,"minecraft:sleep_in_bed":1,"minecraft:time_since_rest":86422,"minecraft:sprint_one_cm":104749,"minecraft:damage_taken":115,"minecraft:walk_one_cm":100760,"minecraft:damage_dealt":580,"minecraft:fly_one_cm":117355,"minecraft:open_chest":4,"minecraft:crouch_one_cm":13916,"minecraft:play_time":92583,"minecraft:sneak_time":4826,"minecraft:jump":634,"minecraft:interact_with_blast_furnace":5,"minecraft:walk_on_water_one_cm":509,"minecraft:total_world_time":92583,"minecraft:fall_one_cm":15361},"minecraft:mined":{"minecraft:white_bed":2,"minecraft:spruce_planks":6,"biomesoplenty:wildflower":19,"biomesoplenty:desert_grass":16,"minecraft:brewing_stand":1,"minecraft:crafting_table":2,"biomesoplenty:bush":20,"minecraft:grass_block":7,"minecraft:calcite":1,"minecraft:tall_grass":1,"minecraft:oak_planks":22,"biomesoplenty:goldenrod":1,"minecraft:hay_block":30,"minecraft:furnace":1,"minecraft:iron_ore":22,"biomesoplenty:lavender":5,"minecraft:spruce_log":8,"minecraft:yellow_bed":3,"minecraft:grass":90,"minecraft:oak_log":17,"minecraft:coal_ore":24,"minecraft:gravel":1,"minecraft:dirt":7,"minecraft:stonecutter":1,"minecraft:stone":29,"minecraft:oak_leaves":14},"minecraft:picked_up":{"biomesoplenty:lavender":4,"minecraft:crafting_table":2,"minecraft:oak_log":17,"minecraft:brewing_stand":1,"minecraft:yellow_bed":3,"minecraft:dirt":14,"minecraft:wheat_seeds":10,"minecraft:spruce_planks":6,"minecraft:calcite":1,"biomesoplenty:wildflower":19,"minecraft:oak_planks":22,"minecraft:furnace":1,"minecraft:stick":2,"minecraft:raw_iron":22,"minecraft:oak_door":1,"minecraft:gravel":1,"minecraft:white_bed":2,"minecraft:spruce_log":8,"minecraft:arrow":1,"minecraft:hay_block":30,"alexsmobs:emu_egg":1,"minecraft:coal":24,"minecraft:cobblestone":29},"minecraft:crafted":{"minecraft:smooth_stone":3,"minecraft:oak_slab":18,"minecraft:oak_planks":68,"minecraft:crafting_table":2,"minecraft:spruce_planks":32,"minecraft:wooden_pickaxe":1,"minecraft:furnace":2,"minecraft:blast_furnace":1,"minecraft:stone":3,"minecraft:bucket":1,"minecraft:stone_axe":1,"minecraft:bread":90,"minecraft:air":0,"minecraft:stick":12,"minecraft:iron_ingot":11,"minecraft:iron_pickaxe":1,"minecraft:stone_pickaxe":1,"minecraft:wooden_axe":1,"minecraft:stone_sword":1,"minecraft:chest":1,"minecraft:wheat":270},"minecraft:killed":{"alexsmobs:emu":1,"minecraft:skeleton":1,"minecraft:zombie":1}},"DataVersion":3465}