{"stats":{"minecraft:killed":{"minecraft:pig":4,"minecraft:spider":1,"alexsmobs:emu":2,"minecraft:sheep":6,"minecraft:zombie":4,"minecraft:cow":5},"minecraft:crafted":{"minecraft:cooked_beef":8,"minecraft:oak_slab":12,"minecraft:oak_planks":60,"minecraft:stone_shovel":1,"minecraft:cooked_porkchop":8,"minecraft:crafting_table":1,"minecraft:acacia_slab":18,"minecraft:wooden_pickaxe":1,"minecraft:furnace":2,"minecraft:fletching_table":4,"minecraft:stone_axe":1,"minecraft:cooked_mutton":7,"minecraft:air":0,"minecraft:oak_boat":1,"minecraft:charcoal":3,"minecraft:stick":16,"minecraft:acacia_door":3,"minecraft:stone_pickaxe":1,"minecraft:wooden_axe":1,"minecraft:stone_sword":1,"minecraft:chest":2,"minecraft:acacia_planks":104,"minecraft:stone_hoe":1,"minecraft:smoker":1},"minecraft:dropped":{"minecraft:wheat_seeds":1,"minecraft:cooked_mutton":3},"minecraft:mined":{"minecraft:oak_slab":1,"minecraft:acacia_leaves":1,"minecraft:red_bed":5,"minecraft:smoker":2,"biomesoplenty:desert_grass":1,"minecraft:crafting_table":4,"minecraft:torch":1,"minecraft:acacia_log":9,"minecraft:grass_block":9,"minecraft:melon":10,"minecraft:chest":1,"minecraft:tall_grass":2,"minecraft:cobblestone":3,"minecraft:acacia_slab":2,"minecraft:sugar_cane":1,"minecraft:oak_planks":8,"minecraft:cartography_table":2,"minecraft:diorite":1,"minecraft:furnace":2,"minecraft:iron_ore":1,"minecraft:acacia_wood":17,"minecraft:bell":2,"minecraft:grass":19,"minecraft:oak_log":22,"minecraft:coal_ore":10,"minecraft:dirt_path":3,"minecraft:gravel":100,"minecraft:dirt":13,"minecraft:acacia_planks":3,"minecraft:stone":51,"minecraft:oak_leaves":2,"minecraft:orange_bed":7},"minecraft:picked_up":{"minecraft:charcoal":1,"minecraft:crafting_table":4,"minecraft:leather":4,"minecraft:smoker":2,"minecraft:acacia_wood":17,"minecraft:flint":9,"minecraft:oak_log":22,"minecraft:dirt":21,"minecraft:red_bed":4,"minecraft:string":1,"minecraft:cooked_mutton":3,"minecraft:acacia_planks":3,"minecraft:wheat_seeds":5,"alexsmobs:emu_feather":1,"minecraft:cartography_table":2,"minecraft:bell":2,"minecraft:beef":10,"minecraft:sugar_cane":2,"minecraft:melon_slice":56,"minecraft:chest":1,"minecraft:oak_planks":8,"minecraft:furnace":2,"minecraft:oak_slab":1,"minecraft:raw_iron":1,"minecraft:torch":5,"minecraft:acacia_log":9,"minecraft:gravel":98,"minecraft:porkchop":8,"minecraft:diorite":10,"minecraft:orange_bed":7,"minecraft:rotten_flesh":4,"minecraft:bread":64,"minecraft:acacia_slab":3,"minecraft:mutton":11,"minecraft:coal":10,"minecraft:white_wool":6,"minecraft:cobblestone":56},"minecraft:custom":{"minecraft:interact_with_furnace":6,"minecraft:mob_kills":22,"minecraft:interact_with_crafting_table":23,"minecraft:bell_ring":27,"minecraft:damage_dealt_resisted":5,"minecraft:leave_game":1,"minecraft:time_since_death":55071,"minecraft:sleep_in_bed":3,"minecraft:time_since_rest":3355,"minecraft:sprint_one_cm":123314,"minecraft:damage_taken":310,"minecraft:walk_one_cm":95789,"minecraft:drop":2,"minecraft:damage_dealt":2977,"minecraft:swim_one_cm":1536,"minecraft:talked_to_villager":12,"minecraft:fly_one_cm":170940,"minecraft:open_chest":27,"minecraft:crouch_one_cm":32107,"minecraft:play_time":55071,"minecraft:sneak_time":8224,"minecraft:walk_under_water_one_cm":3196,"minecraft:boat_one_cm":44809,"minecraft:jump":1004,"minecraft:walk_on_water_one_cm":2798,"minecraft:total_world_time":55071,"minecraft:interact_with_smoker":8,"minecraft:fall_one_cm":23118},"minecraft:used":{"minecraft:cooked_mutton":3,"minecraft:diorite":10,"minecraft:stone_sword":73,"minecraft:oak_planks":39,"minecraft:stone_pickaxe":76,"minecraft:stone_shovel":64,"minecraft:cartography_table":1,"minecraft:chest":3,"minecraft:wooden_pickaxe":13,"minecraft:bell":1,"minecraft:fletching_table":4,"minecraft:stone_hoe":2,"minecraft:rotten_flesh":1,"minecraft:white_wool":6,"minecraft:orange_bed":6,"minecraft:torch":1,"minecraft:dirt":17,"minecraft:oak_slab":9,"minecraft:crafting_table":5,"minecraft:red_bed":2,"minecraft:smoker":3,"minecraft:wooden_axe":30,"minecraft:acacia_door":1,"minecraft:acacia_slab":21,"minecraft:gravel":91,"minecraft:stone_axe":58,"minecraft:cobblestone":26,"minecraft:furnace":2,"minecraft:cooked_porkchop":4,"minecraft:oak_boat":1,"minecraft:acacia_planks":35}},"DataVersion":3465}