{"stats":{"minecraft:used":{"alexsmobs:emu_egg":1,"minecraft:calcite":1,"minecraft:water_bucket":2,"minecraft:stone_sword":27,"minecraft:stone_pickaxe":74,"minecraft:oak_planks":58,"minecraft:shield":1,"minecraft:spruce_planks":33,"minecraft:chest":1,"minecraft:wooden_pickaxe":10,"biomesoplenty:lavender":2,"minecraft:oak_door":1,"minecraft:torch":20,"minecraft:dirt":13,"minecraft:oak_slab":17,"minecraft:crafting_table":4,"minecraft:blast_furnace":1,"minecraft:white_bed":3,"biomesoplenty:wildflower":2,"minecraft:wooden_axe":72,"minecraft:bread":10,"minecraft:iron_pickaxe":13,"minecraft:gravel":1,"minecraft:stone_axe":27,"minecraft:cobblestone":3,"minecraft:furnace":2,"minecraft:bucket":3,"minecraft:yellow_bed":3},"minecraft:dropped":{"minecraft:spider_eye":1},"minecraft:custom":{"minecraft:interact_with_furnace":16,"minecraft:mob_kills":8,"minecraft:interact_with_crafting_table":16,"minecraft:leave_game":1,"minecraft:time_since_death":104583,"minecraft:sleep_in_bed":2,"minecraft:time_since_rest":10357,"minecraft:sprint_one_cm":147906,"minecraft:damage_taken":187,"minecraft:walk_one_cm":124203,"minecraft:damage_blocked_by_shield":20,"minecraft:drop":1,"minecraft:damage_dealt":1499,"minecraft:swim_one_cm":11936,"minecraft:fly_one_cm":170240,"minecraft:open_chest":11,"minecraft:crouch_one_cm":19242,"minecraft:play_time":104583,"minecraft:sneak_time":6421,"minecraft:walk_under_water_one_cm":4375,"minecraft:jump":853,"minecraft:interact_with_blast_furnace":9,"minecraft:walk_on_water_one_cm":6320,"minecraft:total_world_time":104583,"minecraft:fall_one_cm":20021},"minecraft:mined":{"minecraft:white_bed":3,"minecraft:spruce_planks":6,"biomesoplenty:wildflower":19,"biomesoplenty:desert_grass":16,"minecraft:brewing_stand":1,"minecraft:crafting_table":2,"biomesoplenty:bush":20,"minecraft:grass_block":7,"minecraft:calcite":1,"minecraft:tall_grass":2,"minecraft:cobblestone":1,"minecraft:oak_planks":22,"biomesoplenty:goldenrod":7,"minecraft:hay_block":30,"minecraft:furnace":1,"minecraft:iron_ore":24,"biomesoplenty:lavender":5,"minecraft:spruce_log":8,"minecraft:yellow_bed":3,"minecraft:grass":210,"minecraft:oak_log":41,"minecraft:coal_ore":24,"minecraft:gravel":1,"minecraft:dirt":7,"minecraft:stripped_oak_log":2,"minecraft:stonecutter":1,"minecraft:stone":37,"minecraft:gold_ore":7,"minecraft:oak_leaves":17},"minecraft:picked_up":{"biomesoplenty:lavender":4,"minecraft:crafting_table":2,"biomesoplenty:goldenrod":5,"minecraft:oak_log":41,"minecraft:brewing_stand":1,"minecraft:yellow_bed":3,"minecraft:gunpowder":2,"minecraft:string":2,"minecraft:dirt":14,"minecraft:wheat_seeds":24,"minecraft:raw_gold":7,"minecraft:spruce_planks":6,"minecraft:calcite":1,"biomesoplenty:wildflower":23,"minecraft:oak_planks":22,"minecraft:furnace":1,"minecraft:stick":2,"minecraft:raw_iron":24,"minecraft:oak_door":1,"minecraft:gravel":1,"minecraft:white_bed":3,"minecraft:spruce_log":8,"minecraft:spider_eye":1,"minecraft:arrow":1,"minecraft:rotten_flesh":1,"minecraft:hay_block":30,"alexsmobs:emu_egg":1,"minecraft:coal":24,"minecraft:cobblestone":38,"minecraft:stripped_oak_log":2},"minecraft:crafted":{"minecraft:smooth_stone":3,"minecraft:oak_slab":18,"minecraft:oak_planks":172,"minecraft:tripwire_hook":2,"minecraft:crafting_table":2,"minecraft:spruce_planks":32,"minecraft:wooden_pickaxe":1,"minecraft:furnace":2,"minecraft:blast_furnace":1,"minecraft:stone":3,"minecraft:lever":1,"minecraft:bucket":1,"minecraft:stone_axe":1,"minecraft:bread":90,"minecraft:air":0,"minecraft:iron_chestplate":1,"minecraft:shield":1,"minecraft:stick":16,"minecraft:iron_ingot":24,"minecraft:iron_pickaxe":1,"minecraft:stone_pickaxe":1,"minecraft:wooden_axe":1,"minecraft:stone_sword":1,"minecraft:chest":1,"minecraft:torch":20,"minecraft:wheat":270},"minecraft:killed":{"minecraft:spider":2,"minecraft:creeper":1,"alexsmobs:emu":1,"minecraft:skeleton":1,"minecraft:zombie":3}},"DataVersion":3465}