{"stats":{"minecraft:used":{"minecraft:calcite":1,"minecraft:wooden_axe":72,"minecraft:bread":4,"minecraft:chest":1,"minecraft:oak_planks":56,"minecraft:wooden_pickaxe":10,"minecraft:spruce_planks":33,"biomesoplenty:lavender":2,"minecraft:oak_door":1,"minecraft:oak_slab":17,"minecraft:crafting_table":3,"minecraft:white_bed":2,"minecraft:yellow_bed":3,"biomesoplenty:wildflower":1},"minecraft:custom":{"minecraft:time_since_rest":74422,"minecraft:sprint_one_cm":75255,"minecraft:damage_taken":70,"minecraft:walk_one_cm":76003,"minecraft:mob_kills":1,"minecraft:damage_dealt":200,"minecraft:interact_with_crafting_table":5,"minecraft:fly_one_cm":85757,"minecraft:open_chest":2,"minecraft:crouch_one_cm":6422,"minecraft:play_time":80583,"minecraft:sneak_time":2123,"minecraft:jump":369,"minecraft:leave_game":1,"minecraft:time_since_death":80583,"minecraft:sleep_in_bed":1,"minecraft:total_world_time":80583,"minecraft:fall_one_cm":8511},"minecraft:mined":{"minecraft:hay_block":30,"minecraft:spruce_planks":6,"minecraft:white_bed":2,"biomesoplenty:wildflower":19,"biomesoplenty:lavender":5,"minecraft:spruce_log":8,"biomesoplenty:desert_grass":15,"minecraft:brewing_stand":1,"minecraft:yellow_bed":3,"minecraft:crafting_table":1,"minecraft:grass":90,"biomesoplenty:bush":20,"minecraft:calcite":1,"minecraft:oak_log":17,"minecraft:dirt":1,"minecraft:tall_grass":1,"minecraft:stonecutter":1,"minecraft:stone":7,"minecraft:oak_planks":22,"minecraft:oak_leaves":14,"biomesoplenty:goldenrod":1},"minecraft:picked_up":{"biomesoplenty:lavender":4,"minecraft:stick":2,"minecraft:crafting_table":1,"minecraft:oak_door":1,"minecraft:oak_log":17,"minecraft:white_bed":2,"minecraft:brewing_stand":1,"minecraft:yellow_bed":3,"minecraft:spruce_log":8,"minecraft:dirt":1,"minecraft:wheat_seeds":10,"minecraft:spruce_planks":6,"minecraft:hay_block":30,"minecraft:calcite":1,"biomesoplenty:wildflower":18,"minecraft:oak_planks":22,"minecraft:cobblestone":7},"minecraft:crafted":{"minecraft:oak_planks":68,"minecraft:oak_slab":18,"minecraft:crafting_table":2,"minecraft:spruce_planks":32,"minecraft:stick":12,"minecraft:wooden_pickaxe":1,"minecraft:stone_pickaxe":1,"minecraft:wooden_axe":1,"minecraft:chest":1,"minecraft:stone_axe":1,"minecraft:bread":90,"minecraft:wheat":270},"minecraft:killed":{"alexsmobs:emu":1}},"DataVersion":3465}