{"stats":{"minecraft:picked_up":{"biomesoplenty:lavender":2,"minecraft:crafting_table":1,"minecraft:oak_door":1,"minecraft:brewing_stand":1,"minecraft:oak_log":17,"minecraft:yellow_bed":3,"minecraft:white_bed":2,"minecraft:spruce_log":8,"minecraft:wheat_seeds":10,"minecraft:calcite":1,"biomesoplenty:wildflower":18,"minecraft:oak_planks":13},"minecraft:used":{"minecraft:calcite":1,"minecraft:wooden_axe":55,"minecraft:oak_planks":45,"minecraft:spruce_planks":32,"minecraft:wooden_pickaxe":2,"biomesoplenty:lavender":2,"minecraft:oak_slab":15,"minecraft:crafting_table":2,"minecraft:yellow_bed":3,"minecraft:white_bed":2,"biomesoplenty:wildflower":1},"minecraft:crafted":{"minecraft:oak_slab":18,"minecraft:oak_planks":68,"minecraft:crafting_table":1,"minecraft:spruce_planks":32,"minecraft:stick":12,"minecraft:wooden_pickaxe":1,"minecraft:wooden_axe":1},"minecraft:mined":{"minecraft:white_bed":2,"biomesoplenty:wildflower":19,"biomesoplenty:lavender":3,"minecraft:spruce_log":8,"biomesoplenty:desert_grass":15,"minecraft:brewing_stand":1,"minecraft:yellow_bed":3,"minecraft:crafting_table":1,"minecraft:grass":86,"biomesoplenty:bush":19,"minecraft:calcite":1,"minecraft:oak_log":17,"minecraft:tall_grass":1,"minecraft:oak_planks":13,"minecraft:oak_leaves":12,"biomesoplenty:goldenrod":1},"minecraft:custom":{"minecraft:time_since_rest":4633,"minecraft:sprint_one_cm":45683,"minecraft:walk_one_cm":30856,"minecraft:interact_with_crafting_table":2,"minecraft:fly_one_cm":45199,"minecraft:crouch_one_cm":4575,"minecraft:play_time":10794,"minecraft:sneak_time":1525,"minecraft:jump":176,"minecraft:time_since_death":10794,"minecraft:sleep_in_bed":1,"minecraft:total_world_time":10794,"minecraft:fall_one_cm":5043}},"DataVersion":3465}