{"stats":{"minecraft:picked_up":{"biomesoplenty:lavender":4,"minecraft:stick":2,"minecraft:crafting_table":1,"minecraft:oak_door":1,"minecraft:brewing_stand":1,"minecraft:oak_log":17,"minecraft:yellow_bed":3,"minecraft:white_bed":2,"minecraft:spruce_log":8,"minecraft:wheat_seeds":10,"minecraft:spruce_planks":5,"minecraft:hay_block":30,"minecraft:calcite":1,"biomesoplenty:wildflower":18,"minecraft:oak_planks":18},"minecraft:used":{"minecraft:calcite":1,"minecraft:wooden_axe":67,"minecraft:bread":4,"minecraft:oak_planks":54,"minecraft:spruce_planks":32,"minecraft:wooden_pickaxe":3,"biomesoplenty:lavender":2,"minecraft:oak_slab":16,"minecraft:crafting_table":3,"minecraft:yellow_bed":3,"minecraft:white_bed":2,"biomesoplenty:wildflower":1},"minecraft:killed":{"alexsmobs:emu":1},"minecraft:crafted":{"minecraft:oak_slab":18,"minecraft:oak_planks":68,"minecraft:crafting_table":2,"minecraft:spruce_planks":32,"minecraft:stick":12,"minecraft:wooden_pickaxe":1,"minecraft:wooden_axe":1,"minecraft:bread":90,"minecraft:wheat":270},"minecraft:mined":{"minecraft:hay_block":30,"minecraft:spruce_planks":5,"minecraft:white_bed":2,"biomesoplenty:wildflower":19,"biomesoplenty:lavender":5,"minecraft:spruce_log":8,"biomesoplenty:desert_grass":15,"minecraft:brewing_stand":1,"minecraft:yellow_bed":3,"minecraft:crafting_table":1,"minecraft:grass":90,"biomesoplenty:bush":20,"minecraft:calcite":1,"minecraft:oak_log":17,"minecraft:tall_grass":1,"minecraft:stonecutter":1,"minecraft:oak_planks":18,"minecraft:oak_leaves":14,"biomesoplenty:goldenrod":1},"minecraft:custom":{"minecraft:time_since_rest":16633,"minecraft:sprint_one_cm":69619,"minecraft:damage_taken":70,"minecraft:walk_one_cm":70177,"minecraft:mob_kills":1,"minecraft:damage_dealt":200,"minecraft:interact_with_crafting_table":4,"minecraft:fly_one_cm":76600,"minecraft:open_chest":1,"minecraft:crouch_one_cm":5869,"minecraft:play_time":22794,"minecraft:sneak_time":1835,"minecraft:jump":334,"minecraft:time_since_death":22794,"minecraft:sleep_in_bed":1,"minecraft:total_world_time":22794,"minecraft:fall_one_cm":8035}},"DataVersion":3465}