{"stats":{"minecraft:broken":{"minecraft:stone_pickaxe":1,"minecraft:stone_sword":1},"minecraft:killed":{"minecraft:pig":1,"minecraft:spider":2,"minecraft:sheep":4,"minecraft:skeleton":1,"minecraft:zombie":5,"minecraft:chicken":9,"alexsmobs:bison":1,"mowziesmobs:naga":1,"minecraft:cow":11},"minecraft:crafted":{"minecraft:cooked_beef":23,"minecraft:oak_planks":52,"minecraft:stone_shovel":1,"biomesoplenty:jacaranda_planks":20,"minecraft:cooked_porkchop":1,"minecraft:crafting_table":2,"minecraft:cooked_chicken":9,"minecraft:wooden_pickaxe":1,"minecraft:furnace":2,"minecraft:stone_axe":2,"minecraft:cooked_mutton":6,"minecraft:air":0,"minecraft:stick":56,"minecraft:stone_pickaxe":3,"minecraft:stone_sword":3,"minecraft:chest":2,"minecraft:white_bed":1,"minecraft:torch":68},"minecraft:dropped":{"minecraft:wheat_seeds":5,"biomesoplenty:lavender":139,"minecraft:rotten_flesh":3,"minecraft:dirt":1,"minecraft:oak_sapling":2,"minecraft:wooden_pickaxe":1,"biomesoplenty:tall_lavender":3},"minecraft:mined":{"biomesoplenty:jacaranda_leaves":3,"minecraft:white_bed":4,"minecraft:snow_block":66,"minecraft:crafting_table":5,"minecraft:grass_block":5,"minecraft:chest":1,"biomesoplenty:flowering_oak_leaves":2,"minecraft:tall_grass":8,"biomesoplenty:jacaranda_log":5,"biomesoplenty:tall_lavender":3,"minecraft:furnace":4,"minecraft:snow":18,"biomesoplenty:lavender":91,"minecraft:grass":70,"minecraft:oak_log":41,"minecraft:coal_ore":149,"minecraft:dirt":5,"minecraft:stone":121,"minecraft:oak_leaves":14},"minecraft:picked_up":{"biomesoplenty:lavender":142,"minecraft:crafting_table":5,"minecraft:feather":9,"minecraft:cooked_beef":19,"minecraft:chicken":9,"minecraft:leather":24,"alexsmobs:bison_fur":2,"minecraft:oak_log":69,"minecraft:dirt":8,"minecraft:string":2,"minecraft:cooked_mutton":6,"biomesoplenty:tall_lavender":3,"minecraft:bone":3,"minecraft:bow":1,"minecraft:wheat_seeds":5,"minecraft:iron_ingot":2,"minecraft:beef":31,"minecraft:stone_pickaxe":2,"minecraft:cooked_chicken":4,"minecraft:chest":1,"minecraft:oak_planks":16,"minecraft:egg":3,"minecraft:furnace":4,"minecraft:stick":23,"minecraft:torch":68,"minecraft:porkchop":1,"minecraft:white_bed":4,"minecraft:spider_eye":1,"alexsmobs:animal_dictionary":1,"minecraft:stone_sword":2,"minecraft:arrow":3,"minecraft:stone_shovel":1,"minecraft:rotten_flesh":4,"biomesoplenty:jacaranda_log":5,"minecraft:stone_axe":2,"minecraft:oak_sapling":3,"minecraft:mutton":6,"minecraft:coal":277,"minecraft:snowball":276,"minecraft:white_wool":4,"minecraft:cobblestone":120},"minecraft:custom":{"minecraft:interact_with_furnace":10,"minecraft:mob_kills":37,"minecraft:interact_with_crafting_table":11,"minecraft:leave_game":1,"minecraft:time_since_death":4112,"minecraft:sleep_in_bed":4,"minecraft:time_since_rest":3963,"minecraft:sprint_one_cm":73450,"minecraft:damage_taken":1400,"minecraft:walk_one_cm":184201,"minecraft:drop":10,"minecraft:damage_dealt":4773,"minecraft:fly_one_cm":81887,"minecraft:open_chest":5,"minecraft:play_time":47793,"minecraft:crouch_one_cm":8791,"minecraft:sneak_time":3030,"minecraft:deaths":3,"minecraft:walk_under_water_one_cm":1944,"minecraft:jump":705,"minecraft:walk_on_water_one_cm":2139,"minecraft:total_world_time":47793,"minecraft:fall_one_cm":20548},"minecraft:used":{"minecraft:stone_sword":313,"minecraft:stone_pickaxe":259,"minecraft:stone_shovel":89,"minecraft:oak_planks":1,"minecraft:chest":3,"minecraft:wooden_pickaxe":16,"biomesoplenty:lavender":3,"minecraft:cooked_chicken":5,"minecraft:rotten_flesh":1,"minecraft:dirt":1,"minecraft:crafting_table":6,"minecraft:white_bed":4,"minecraft:snowball":248,"minecraft:stone_axe":76,"minecraft:furnace":4,"minecraft:oak_sapling":1,"minecraft:cooked_porkchop":1,"minecraft:egg":3,"minecraft:cooked_beef":2},"minecraft:killed_by":{"minecraft:zombie":1,"alexsmobs:bison":2}},"DataVersion":3465}