{"stats":{"minecraft:picked_up":{"biomesoplenty:lavender":78,"minecraft:stick":1,"minecraft:crafting_table":1,"minecraft:feather":9,"minecraft:chicken":9,"minecraft:leather":12,"minecraft:porkchop":1,"minecraft:oak_log":13,"minecraft:dirt":2,"biomesoplenty:tall_lavender":3,"biomesoplenty:jacaranda_log":5,"minecraft:wheat_seeds":5,"minecraft:beef":23,"minecraft:oak_sapling":3,"minecraft:mutton":6,"minecraft:coal":16,"minecraft:white_wool":4,"minecraft:cobblestone":51,"minecraft:egg":3},"minecraft:used":{"minecraft:stone_sword":223,"minecraft:stone_pickaxe":52,"minecraft:wooden_pickaxe":16,"biomesoplenty:lavender":3,"minecraft:cooked_chicken":2,"minecraft:stone_axe":27,"minecraft:dirt":1,"minecraft:crafting_table":2,"minecraft:furnace":2,"minecraft:oak_sapling":1,"minecraft:white_bed":1,"minecraft:egg":3},"minecraft:killed":{"minecraft:sheep":4,"minecraft:pig":1,"minecraft:chicken":9,"minecraft:cow":11},"minecraft:dropped":{"minecraft:dirt":1,"minecraft:oak_sapling":2,"biomesoplenty:lavender":3,"minecraft:wooden_pickaxe":1},"minecraft:crafted":{"minecraft:cooked_beef":10,"minecraft:oak_planks":52,"biomesoplenty:jacaranda_planks":20,"minecraft:crafting_table":1,"minecraft:stick":56,"minecraft:cooked_chicken":9,"minecraft:wooden_pickaxe":1,"minecraft:stone_pickaxe":2,"minecraft:stone_sword":2,"minecraft:furnace":2,"minecraft:white_bed":1,"minecraft:stone_axe":2,"minecraft:air":0},"minecraft:mined":{"biomesoplenty:jacaranda_leaves":3,"biomesoplenty:jacaranda_log":5,"biomesoplenty:tall_lavender":3,"biomesoplenty:lavender":91,"minecraft:crafting_table":1,"minecraft:grass":63,"minecraft:coal_ore":16,"minecraft:grass_block":1,"minecraft:oak_log":13,"biomesoplenty:flowering_oak_leaves":2,"minecraft:dirt":1,"minecraft:tall_grass":6,"minecraft:stone":51,"minecraft:oak_leaves":7},"minecraft:custom":{"minecraft:time_since_rest":1628,"minecraft:interact_with_furnace":6,"minecraft:sprint_one_cm":19927,"minecraft:damage_taken":90,"minecraft:walk_one_cm":69518,"minecraft:mob_kills":25,"minecraft:drop":4,"minecraft:damage_dealt":1879,"minecraft:interact_with_crafting_table":5,"minecraft:fly_one_cm":25236,"minecraft:crouch_one_cm":1727,"minecraft:play_time":15518,"minecraft:sneak_time":480,"minecraft:jump":207,"minecraft:time_since_death":15518,"minecraft:sleep_in_bed":1,"minecraft:total_world_time":15518,"minecraft:fall_one_cm":4226}},"DataVersion":3465}