{"stats":{"minecraft:picked_up":{"biomesoplenty:lavender":3,"minecraft:oak_log":4,"minecraft:oak_sapling":2,"minecraft:dirt":2,"minecraft:cobblestone":27},"minecraft:used":{"minecraft:dirt":1,"minecraft:crafting_table":1,"minecraft:stone_pickaxe":13,"minecraft:wooden_pickaxe":16},"minecraft:dropped":{"minecraft:dirt":1,"minecraft:wooden_pickaxe":1,"minecraft:oak_sapling":2,"biomesoplenty:lavender":3},"minecraft:crafted":{"minecraft:stone_sword":1,"minecraft:oak_planks":16,"minecraft:stone_axe":2,"minecraft:crafting_table":1,"minecraft:stick":16,"minecraft:stone_pickaxe":2,"minecraft:wooden_pickaxe":1},"minecraft:mined":{"biomesoplenty:jacaranda_leaves":1,"minecraft:grass_block":1,"minecraft:oak_log":4,"minecraft:dirt":1,"biomesoplenty:lavender":2,"minecraft:stone":28,"minecraft:oak_leaves":3},"minecraft:custom":{"minecraft:time_since_rest":3518,"minecraft:crouch_one_cm":235,"minecraft:play_time":3518,"minecraft:sprint_one_cm":2652,"minecraft:damage_taken":70,"minecraft:walk_one_cm":6239,"minecraft:sneak_time":93,"minecraft:drop":4,"minecraft:jump":48,"minecraft:time_since_death":3518,"minecraft:total_world_time":3518,"minecraft:interact_with_crafting_table":2,"minecraft:fall_one_cm":1176,"minecraft:fly_one_cm":4844}},"DataVersion":3465}