{"stats":{"minecraft:picked_up":{"biomesoplenty:lavender":142,"minecraft:crafting_table":3,"minecraft:feather":9,"minecraft:cooked_beef":19,"minecraft:chicken":9,"minecraft:leather":24,"minecraft:oak_log":69,"minecraft:string":2,"minecraft:dirt":8,"minecraft:cooked_mutton":6,"biomesoplenty:tall_lavender":3,"minecraft:bone":2,"minecraft:bow":1,"minecraft:wheat_seeds":5,"minecraft:iron_ingot":2,"minecraft:beef":23,"minecraft:stone_pickaxe":2,"minecraft:cooked_chicken":4,"minecraft:chest":1,"minecraft:oak_planks":16,"minecraft:egg":3,"minecraft:furnace":2,"minecraft:stick":23,"minecraft:torch":68,"minecraft:porkchop":1,"minecraft:white_bed":3,"minecraft:spider_eye":1,"alexsmobs:animal_dictionary":1,"minecraft:stone_sword":2,"minecraft:stone_shovel":1,"minecraft:arrow":1,"minecraft:rotten_flesh":3,"biomesoplenty:jacaranda_log":5,"minecraft:stone_axe":2,"minecraft:oak_sapling":3,"minecraft:snowball":152,"minecraft:mutton":6,"minecraft:coal":277,"minecraft:white_wool":4,"minecraft:cobblestone":120},"minecraft:killed_by":{"alexsmobs:bison":1},"minecraft:used":{"minecraft:stone_sword":271,"minecraft:stone_shovel":55,"minecraft:stone_pickaxe":257,"minecraft:oak_planks":1,"minecraft:chest":3,"minecraft:wooden_pickaxe":16,"biomesoplenty:lavender":3,"minecraft:cooked_chicken":5,"minecraft:dirt":1,"minecraft:crafting_table":5,"minecraft:white_bed":4,"minecraft:snowball":128,"minecraft:stone_axe":73,"minecraft:oak_sapling":1,"minecraft:furnace":4,"minecraft:cooked_porkchop":1,"minecraft:egg":3,"minecraft:cooked_beef":1},"minecraft:killed":{"minecraft:pig":1,"minecraft:spider":2,"minecraft:sheep":4,"minecraft:zombie":3,"minecraft:chicken":9,"minecraft:cow":11,"mowziesmobs:naga":1},"minecraft:dropped":{"minecraft:wheat_seeds":5,"biomesoplenty:lavender":139,"minecraft:rotten_flesh":3,"minecraft:dirt":1,"minecraft:oak_sapling":2,"minecraft:wooden_pickaxe":1,"biomesoplenty:tall_lavender":3},"minecraft:crafted":{"minecraft:cooked_beef":23,"minecraft:oak_planks":52,"minecraft:stone_shovel":1,"biomesoplenty:jacaranda_planks":20,"minecraft:cooked_porkchop":1,"minecraft:crafting_table":2,"minecraft:wooden_pickaxe":1,"minecraft:cooked_chicken":9,"minecraft:furnace":2,"minecraft:stone_axe":2,"minecraft:cooked_mutton":6,"minecraft:air":0,"minecraft:stick":56,"minecraft:stone_pickaxe":3,"minecraft:stone_sword":2,"minecraft:chest":2,"minecraft:white_bed":1,"minecraft:torch":68},"minecraft:mined":{"biomesoplenty:jacaranda_leaves":3,"minecraft:white_bed":3,"minecraft:snow_block":36,"minecraft:crafting_table":3,"minecraft:grass_block":5,"minecraft:chest":1,"biomesoplenty:flowering_oak_leaves":2,"minecraft:tall_grass":6,"biomesoplenty:jacaranda_log":5,"biomesoplenty:tall_lavender":3,"minecraft:furnace":2,"minecraft:snow":14,"biomesoplenty:lavender":91,"minecraft:grass":69,"minecraft:oak_log":41,"minecraft:coal_ore":149,"minecraft:dirt":5,"minecraft:stone":121,"minecraft:oak_leaves":14},"minecraft:broken":{"minecraft:stone_pickaxe":1},"minecraft:custom":{"minecraft:interact_with_furnace":10,"minecraft:mob_kills":32,"minecraft:interact_with_crafting_table":10,"minecraft:time_since_death":545,"minecraft:sleep_in_bed":3,"minecraft:time_since_rest":574,"minecraft:sprint_one_cm":59723,"minecraft:damage_taken":755,"minecraft:walk_one_cm":154268,"minecraft:drop":10,"minecraft:damage_dealt":3364,"minecraft:fly_one_cm":67718,"minecraft:open_chest":1,"minecraft:crouch_one_cm":6509,"minecraft:play_time":39518,"minecraft:deaths":1,"minecraft:sneak_time":2185,"minecraft:walk_under_water_one_cm":1944,"minecraft:jump":562,"minecraft:walk_on_water_one_cm":2139,"minecraft:total_world_time":39518,"minecraft:fall_one_cm":14727}},"DataVersion":3465}