{"stats":{"minecraft:broken":{"minecraft:stone_pickaxe":1,"minecraft:stone_sword":1},"minecraft:killed":{"minecraft:pig":9,"minecraft:spider":2,"minecraft:skeleton":5,"minecraft:sheep":7,"minecraft:zombie":8,"minecraft:chicken":9,"alexsmobs:bison":1,"mowziesmobs:naga":1,"minecraft:cow":11},"minecraft:crafted":{"minecraft:cooked_beef":23,"minecraft:oak_planks":164,"minecraft:stone_shovel":1,"biomesoplenty:jacaranda_planks":52,"minecraft:cooked_porkchop":13,"minecraft:crafting_table":4,"minecraft:cooked_chicken":9,"minecraft:wooden_pickaxe":2,"minecraft:furnace":4,"minecraft:stone_axe":3,"minecraft:cooked_mutton":11,"minecraft:air":0,"minecraft:iron_chestplate":1,"minecraft:stick":72,"minecraft:iron_ingot":19,"minecraft:iron_pickaxe":1,"minecraft:stone_pickaxe":4,"minecraft:stone_sword":4,"minecraft:chest":3,"minecraft:iron_leggings":1,"minecraft:white_bed":1,"minecraft:torch":100},"minecraft:dropped":{"minecraft:wheat_seeds":5,"minecraft:stone_sword":1,"biomesoplenty:lavender":142,"minecraft:rotten_flesh":5,"minecraft:dirt":12,"minecraft:oak_sapling":2,"minecraft:spider_eye":1,"minecraft:stone_pickaxe":1,"minecraft:wooden_pickaxe":4,"biomesoplenty:tall_lavender":3},"minecraft:mined":{"biomesoplenty:jacaranda_leaves":3,"minecraft:white_bed":5,"minecraft:snow_block":66,"minecraft:crafting_table":7,"biomesoplenty:bush":2,"minecraft:grass_block":9,"minecraft:chest":1,"biomesoplenty:flowering_oak_leaves":2,"minecraft:tall_grass":10,"minecraft:cobblestone":1,"minecraft:deepslate_gold_ore":8,"minecraft:sculk":1,"biomesoplenty:jacaranda_log":13,"biomesoplenty:tall_lavender":3,"minecraft:furnace":7,"minecraft:iron_ore":20,"minecraft:snow":18,"biomesoplenty:lavender":94,"minecraft:andesite":1,"minecraft:grass":82,"minecraft:sculk_shrieker":1,"minecraft:deepslate_iron_ore":16,"minecraft:coal_ore":162,"minecraft:oak_log":41,"minecraft:dirt":16,"minecraft:stone":146,"minecraft:oak_leaves":16,"minecraft:deepslate":3},"minecraft:picked_up":{"biomesoplenty:lavender":145,"minecraft:crafting_table":7,"minecraft:feather":9,"minecraft:cooked_beef":19,"minecraft:chicken":9,"minecraft:glow_ink_sac":9,"minecraft:andesite":1,"minecraft:leather":24,"minecraft:wooden_pickaxe":2,"alexsmobs:bison_fur":2,"minecraft:oak_log":69,"minecraft:dirt":33,"minecraft:string":2,"minecraft:cooked_mutton":6,"biomesoplenty:tall_lavender":3,"minecraft:bone":8,"minecraft:bow":1,"minecraft:wheat_seeds":6,"minecraft:cobbled_deepslate":6,"minecraft:raw_gold":8,"minecraft:iron_ingot":2,"minecraft:beef":31,"minecraft:stone_pickaxe":2,"minecraft:cooked_chicken":4,"minecraft:chest":1,"minecraft:oak_planks":16,"minecraft:furnace":7,"minecraft:egg":3,"minecraft:stick":23,"minecraft:raw_iron":36,"minecraft:cooked_porkchop":6,"minecraft:torch":68,"minecraft:porkchop":19,"minecraft:white_bed":5,"minecraft:spider_eye":1,"alexsmobs:animal_dictionary":1,"minecraft:stone_sword":3,"minecraft:arrow":8,"minecraft:stone_shovel":1,"minecraft:rotten_flesh":6,"biomesoplenty:jacaranda_log":13,"minecraft:stone_axe":2,"minecraft:oak_sapling":3,"minecraft:mutton":11,"minecraft:coal":334,"minecraft:snowball":276,"minecraft:white_wool":7,"minecraft:cobblestone":146},"minecraft:custom":{"minecraft:interact_with_furnace":37,"minecraft:mob_kills":55,"minecraft:interact_with_crafting_table":26,"minecraft:leave_game":5,"minecraft:time_since_death":1304,"minecraft:sleep_in_bed":4,"minecraft:time_since_rest":2653,"minecraft:sprint_one_cm":132334,"minecraft:damage_taken":2338,"minecraft:walk_one_cm":286551,"minecraft:drop":21,"minecraft:damage_dealt":6836,"minecraft:play_time":97246,"minecraft:fly_one_cm":143259,"minecraft:open_chest":9,"minecraft:crouch_one_cm":37030,"minecraft:sneak_time":10241,"minecraft:deaths":5,"minecraft:walk_under_water_one_cm":12711,"minecraft:jump":1200,"minecraft:walk_on_water_one_cm":14961,"minecraft:total_world_time":97246,"minecraft:fall_one_cm":38525},"minecraft:used":{"minecraft:stone_sword":386,"minecraft:oak_planks":1,"minecraft:stone_pickaxe":316,"minecraft:stone_shovel":89,"minecraft:chest":4,"minecraft:wooden_pickaxe":32,"biomesoplenty:lavender":3,"minecraft:cooked_chicken":9,"minecraft:rotten_flesh":1,"minecraft:torch":1,"minecraft:dirt":15,"minecraft:crafting_table":10,"minecraft:white_bed":5,"minecraft:snowball":248,"minecraft:iron_pickaxe":20,"minecraft:stone_axe":85,"minecraft:cobblestone":38,"minecraft:bow":5,"minecraft:furnace":9,"minecraft:oak_sapling":1,"minecraft:cooked_porkchop":3,"minecraft:egg":3,"minecraft:cooked_beef":3},"minecraft:killed_by":{"minecraft:warden":1,"minecraft:spider":1,"minecraft:zombie":1,"alexsmobs:bison":2}},"DataVersion":3465}