{"stats":{"minecraft:broken":{"minecraft:stone_pickaxe":1,"minecraft:stone_sword":1},"minecraft:killed":{"minecraft:pig":5,"minecraft:spider":2,"minecraft:sheep":7,"minecraft:skeleton":4,"minecraft:zombie":7,"minecraft:chicken":9,"alexsmobs:bison":1,"mowziesmobs:naga":1,"minecraft:cow":11},"minecraft:crafted":{"minecraft:cooked_beef":23,"minecraft:oak_planks":52,"minecraft:stone_shovel":1,"biomesoplenty:jacaranda_planks":20,"minecraft:cooked_porkchop":1,"minecraft:crafting_table":2,"minecraft:cooked_chicken":9,"minecraft:wooden_pickaxe":1,"minecraft:furnace":2,"minecraft:stone_axe":2,"minecraft:cooked_mutton":6,"minecraft:air":0,"minecraft:stick":56,"minecraft:stone_pickaxe":3,"minecraft:stone_sword":3,"minecraft:chest":2,"minecraft:white_bed":1,"minecraft:torch":100},"minecraft:dropped":{"minecraft:wheat_seeds":5,"biomesoplenty:lavender":139,"minecraft:rotten_flesh":5,"minecraft:dirt":1,"minecraft:oak_sapling":2,"minecraft:spider_eye":1,"minecraft:stone_pickaxe":1,"minecraft:wooden_pickaxe":1,"biomesoplenty:tall_lavender":3},"minecraft:mined":{"biomesoplenty:jacaranda_leaves":3,"minecraft:white_bed":4,"minecraft:snow_block":66,"minecraft:crafting_table":5,"biomesoplenty:bush":2,"minecraft:grass_block":6,"minecraft:chest":1,"biomesoplenty:flowering_oak_leaves":2,"minecraft:tall_grass":10,"biomesoplenty:jacaranda_log":5,"biomesoplenty:tall_lavender":3,"minecraft:furnace":4,"minecraft:iron_ore":2,"minecraft:snow":18,"biomesoplenty:lavender":91,"minecraft:grass":79,"minecraft:oak_log":41,"minecraft:coal_ore":157,"minecraft:dirt":5,"minecraft:stone":126,"minecraft:oak_leaves":16},"minecraft:picked_up":{"biomesoplenty:lavender":142,"minecraft:crafting_table":5,"minecraft:feather":9,"minecraft:cooked_beef":19,"minecraft:chicken":9,"minecraft:leather":24,"alexsmobs:bison_fur":2,"minecraft:oak_log":69,"minecraft:dirt":8,"minecraft:string":2,"minecraft:cooked_mutton":6,"biomesoplenty:tall_lavender":3,"minecraft:bone":7,"minecraft:bow":1,"minecraft:wheat_seeds":5,"minecraft:iron_ingot":2,"minecraft:beef":31,"minecraft:stone_pickaxe":2,"minecraft:cooked_chicken":4,"minecraft:chest":1,"minecraft:oak_planks":16,"minecraft:egg":3,"minecraft:furnace":4,"minecraft:raw_iron":2,"minecraft:stick":23,"minecraft:torch":68,"minecraft:porkchop":11,"minecraft:white_bed":4,"minecraft:spider_eye":1,"alexsmobs:animal_dictionary":1,"minecraft:stone_sword":2,"minecraft:arrow":6,"minecraft:stone_shovel":1,"minecraft:rotten_flesh":6,"biomesoplenty:jacaranda_log":5,"minecraft:stone_axe":2,"minecraft:oak_sapling":3,"minecraft:mutton":11,"minecraft:coal":285,"minecraft:snowball":276,"minecraft:white_wool":7,"minecraft:cobblestone":125},"minecraft:custom":{"minecraft:interact_with_furnace":10,"minecraft:mob_kills":49,"minecraft:interact_with_crafting_table":11,"minecraft:leave_game":1,"minecraft:time_since_death":16112,"minecraft:sleep_in_bed":4,"minecraft:time_since_rest":15963,"minecraft:sprint_one_cm":89597,"minecraft:damage_taken":1723,"minecraft:walk_one_cm":225547,"minecraft:drop":13,"minecraft:damage_dealt":6203,"minecraft:fly_one_cm":110607,"minecraft:open_chest":5,"minecraft:play_time":59793,"minecraft:crouch_one_cm":11067,"minecraft:sneak_time":3702,"minecraft:deaths":3,"minecraft:walk_under_water_one_cm":5528,"minecraft:jump":905,"minecraft:walk_on_water_one_cm":4792,"minecraft:total_world_time":59793,"minecraft:fall_one_cm":29845},"minecraft:used":{"minecraft:stone_sword":367,"minecraft:stone_pickaxe":274,"minecraft:stone_shovel":89,"minecraft:oak_planks":1,"minecraft:chest":3,"minecraft:wooden_pickaxe":16,"biomesoplenty:lavender":3,"minecraft:cooked_chicken":9,"minecraft:rotten_flesh":1,"minecraft:dirt":1,"minecraft:crafting_table":6,"minecraft:white_bed":4,"minecraft:snowball":248,"minecraft:stone_axe":77,"minecraft:cobblestone":20,"minecraft:bow":5,"minecraft:furnace":4,"minecraft:oak_sapling":1,"minecraft:cooked_porkchop":1,"minecraft:egg":3,"minecraft:cooked_beef":3},"minecraft:killed_by":{"minecraft:zombie":1,"alexsmobs:bison":2}},"DataVersion":3465}