{"stats":{"minecraft:broken":{"minecraft:stone_pickaxe":1,"minecraft:stone_sword":1},"minecraft:killed":{"minecraft:pig":5,"minecraft:spider":2,"minecraft:sheep":7,"minecraft:skeleton":5,"minecraft:zombie":7,"minecraft:chicken":9,"alexsmobs:bison":1,"mowziesmobs:naga":1,"minecraft:cow":11},"minecraft:crafted":{"minecraft:cooked_beef":23,"minecraft:oak_planks":164,"minecraft:stone_shovel":1,"biomesoplenty:jacaranda_planks":20,"minecraft:cooked_porkchop":5,"minecraft:crafting_table":3,"minecraft:cooked_chicken":9,"minecraft:wooden_pickaxe":1,"minecraft:furnace":3,"minecraft:stone_axe":2,"minecraft:cooked_mutton":6,"minecraft:air":0,"minecraft:stick":56,"minecraft:iron_pickaxe":1,"minecraft:iron_ingot":10,"minecraft:stone_pickaxe":3,"minecraft:stone_sword":3,"minecraft:chest":3,"minecraft:white_bed":1,"minecraft:torch":100},"minecraft:dropped":{"minecraft:wheat_seeds":5,"biomesoplenty:lavender":139,"minecraft:rotten_flesh":5,"minecraft:dirt":1,"minecraft:oak_sapling":2,"minecraft:spider_eye":1,"minecraft:stone_pickaxe":1,"minecraft:wooden_pickaxe":1,"biomesoplenty:tall_lavender":3},"minecraft:mined":{"biomesoplenty:jacaranda_leaves":3,"minecraft:white_bed":4,"minecraft:snow_block":66,"minecraft:crafting_table":5,"biomesoplenty:bush":2,"minecraft:grass_block":6,"minecraft:chest":1,"biomesoplenty:flowering_oak_leaves":2,"minecraft:cobblestone":1,"minecraft:tall_grass":10,"minecraft:deepslate_gold_ore":8,"biomesoplenty:jacaranda_log":5,"biomesoplenty:tall_lavender":3,"minecraft:furnace":4,"minecraft:iron_ore":3,"minecraft:snow":18,"biomesoplenty:lavender":91,"minecraft:deepslate_iron_ore":16,"minecraft:grass":79,"minecraft:oak_log":41,"minecraft:coal_ore":157,"minecraft:dirt":5,"minecraft:stone":128,"minecraft:deepslate":3,"minecraft:oak_leaves":16},"minecraft:picked_up":{"biomesoplenty:lavender":142,"minecraft:crafting_table":5,"minecraft:feather":9,"minecraft:cooked_beef":19,"minecraft:chicken":9,"minecraft:leather":24,"alexsmobs:bison_fur":2,"minecraft:oak_log":69,"minecraft:dirt":8,"minecraft:string":2,"minecraft:cooked_mutton":6,"biomesoplenty:tall_lavender":3,"minecraft:bone":7,"minecraft:bow":1,"minecraft:wheat_seeds":5,"minecraft:cobbled_deepslate":6,"minecraft:raw_gold":8,"minecraft:iron_ingot":2,"minecraft:beef":31,"minecraft:stone_pickaxe":2,"minecraft:cooked_chicken":4,"minecraft:chest":1,"minecraft:oak_planks":16,"minecraft:egg":3,"minecraft:furnace":4,"minecraft:raw_iron":19,"minecraft:stick":23,"minecraft:cooked_porkchop":6,"minecraft:torch":68,"minecraft:porkchop":11,"minecraft:white_bed":4,"minecraft:spider_eye":1,"alexsmobs:animal_dictionary":1,"minecraft:stone_sword":2,"minecraft:arrow":7,"minecraft:stone_shovel":1,"minecraft:rotten_flesh":6,"biomesoplenty:jacaranda_log":5,"minecraft:stone_axe":2,"minecraft:oak_sapling":3,"minecraft:mutton":11,"minecraft:coal":315,"minecraft:snowball":276,"minecraft:white_wool":7,"minecraft:cobblestone":128},"minecraft:custom":{"minecraft:interact_with_furnace":21,"minecraft:mob_kills":50,"minecraft:interact_with_crafting_table":17,"minecraft:leave_game":1,"minecraft:time_since_death":28112,"minecraft:sleep_in_bed":4,"minecraft:time_since_rest":27963,"minecraft:sprint_one_cm":96495,"minecraft:damage_taken":1783,"minecraft:walk_one_cm":248204,"minecraft:drop":13,"minecraft:damage_dealt":6403,"minecraft:fly_one_cm":114300,"minecraft:open_chest":6,"minecraft:play_time":71793,"minecraft:crouch_one_cm":16345,"minecraft:sneak_time":5139,"minecraft:deaths":3,"minecraft:walk_under_water_one_cm":5528,"minecraft:jump":989,"minecraft:walk_on_water_one_cm":4802,"minecraft:total_world_time":71793,"minecraft:fall_one_cm":32179},"minecraft:used":{"minecraft:stone_sword":372,"minecraft:stone_pickaxe":289,"minecraft:stone_shovel":89,"minecraft:oak_planks":1,"minecraft:chest":4,"minecraft:wooden_pickaxe":16,"biomesoplenty:lavender":3,"minecraft:cooked_chicken":9,"minecraft:rotten_flesh":1,"minecraft:torch":1,"minecraft:dirt":1,"minecraft:crafting_table":8,"minecraft:white_bed":5,"minecraft:snowball":248,"minecraft:iron_pickaxe":16,"minecraft:stone_axe":77,"minecraft:cobblestone":25,"minecraft:bow":5,"minecraft:furnace":7,"minecraft:oak_sapling":1,"minecraft:cooked_porkchop":2,"minecraft:egg":3,"minecraft:cooked_beef":3},"minecraft:killed_by":{"minecraft:zombie":1,"alexsmobs:bison":2}},"DataVersion":3465}