{"stats":{"minecraft:picked_up":{"biomesoplenty:lavender":142,"minecraft:crafting_table":3,"minecraft:feather":9,"minecraft:chicken":9,"minecraft:leather":12,"minecraft:oak_log":41,"minecraft:dirt":3,"biomesoplenty:tall_lavender":3,"minecraft:bone":2,"minecraft:bow":1,"minecraft:wheat_seeds":5,"minecraft:iron_ingot":1,"minecraft:beef":23,"minecraft:egg":3,"minecraft:furnace":2,"minecraft:stick":1,"minecraft:porkchop":1,"minecraft:white_bed":3,"minecraft:arrow":1,"minecraft:rotten_flesh":3,"biomesoplenty:jacaranda_log":5,"minecraft:oak_sapling":3,"minecraft:mutton":6,"minecraft:coal":65,"minecraft:white_wool":4,"minecraft:cobblestone":82},"minecraft:used":{"minecraft:stone_sword":252,"minecraft:stone_pickaxe":136,"minecraft:oak_planks":1,"minecraft:wooden_pickaxe":16,"biomesoplenty:lavender":3,"minecraft:cooked_chicken":3,"minecraft:dirt":1,"minecraft:crafting_table":3,"minecraft:white_bed":3,"minecraft:stone_axe":72,"minecraft:oak_sapling":1,"minecraft:furnace":2,"minecraft:cooked_porkchop":1,"minecraft:egg":3,"minecraft:cooked_beef":1},"minecraft:killed":{"minecraft:pig":1,"minecraft:sheep":4,"minecraft:zombie":3,"minecraft:chicken":9,"minecraft:cow":11,"mowziesmobs:naga":1},"minecraft:dropped":{"minecraft:wheat_seeds":5,"biomesoplenty:lavender":139,"minecraft:dirt":1,"minecraft:oak_sapling":2,"minecraft:wooden_pickaxe":1,"biomesoplenty:tall_lavender":3},"minecraft:crafted":{"minecraft:cooked_beef":23,"minecraft:oak_planks":52,"biomesoplenty:jacaranda_planks":20,"minecraft:cooked_porkchop":1,"minecraft:crafting_table":1,"minecraft:wooden_pickaxe":1,"minecraft:cooked_chicken":9,"minecraft:furnace":2,"minecraft:stone_axe":2,"minecraft:cooked_mutton":6,"minecraft:air":0,"minecraft:stick":56,"minecraft:stone_pickaxe":3,"minecraft:stone_sword":2,"minecraft:white_bed":1},"minecraft:mined":{"biomesoplenty:jacaranda_leaves":3,"minecraft:white_bed":3,"minecraft:crafting_table":3,"minecraft:grass_block":3,"biomesoplenty:flowering_oak_leaves":2,"minecraft:tall_grass":6,"biomesoplenty:jacaranda_log":5,"biomesoplenty:tall_lavender":3,"minecraft:furnace":2,"biomesoplenty:lavender":91,"minecraft:grass":69,"minecraft:oak_log":41,"minecraft:coal_ore":65,"minecraft:dirt":2,"minecraft:stone":84,"minecraft:oak_leaves":14},"minecraft:broken":{"minecraft:stone_pickaxe":1},"minecraft:custom":{"minecraft:interact_with_furnace":10,"minecraft:mob_kills":30,"minecraft:interact_with_crafting_table":7,"minecraft:time_since_death":27518,"minecraft:sleep_in_bed":2,"minecraft:time_since_rest":7244,"minecraft:sprint_one_cm":43220,"minecraft:damage_taken":405,"minecraft:walk_one_cm":113736,"minecraft:drop":9,"minecraft:damage_dealt":2867,"minecraft:fly_one_cm":48828,"minecraft:crouch_one_cm":5237,"minecraft:play_time":27518,"minecraft:sneak_time":1734,"minecraft:walk_under_water_one_cm":708,"minecraft:jump":379,"minecraft:walk_on_water_one_cm":403,"minecraft:total_world_time":27518,"minecraft:fall_one_cm":7804}},"DataVersion":3465}