{"stats":{"minecraft:broken":{"minecraft:stone_sword":1,"minecraft:stone_pickaxe":2,"minecraft:stone_axe":1},"minecraft:killed":{"alexsmobs:raccoon":1,"minecraft:spider":3,"minecraft:horse":1,"minecraft:skeleton":5,"minecraft:chicken":2,"alexsmobs:kangaroo":1,"alexsmobs:emu":2,"minecraft:sheep":7,"minecraft:zombie":4,"alexsmobs:gazelle":4,"minecraft:cow":5},"minecraft:crafted":{"minecraft:oak_planks":76,"minecraft:cooked_chicken":2,"minecraft:furnace":2,"minecraft:bone_meal":6,"minecraft:iron_boots":1,"minecraft:stone_pickaxe":4,"minecraft:wheat":612,"minecraft:cooked_beef":9,"minecraft:crafting_table":3,"minecraft:wooden_pickaxe":1,"minecraft:iron_helmet":1,"minecraft:iron_sword":1,"minecraft:stone_axe":1,"minecraft:bread":204,"minecraft:air":0,"minecraft:oak_boat":1,"minecraft:iron_chestplate":1,"minecraft:stick":40,"minecraft:iron_ingot":103,"minecraft:iron_pickaxe":1,"minecraft:stone_sword":1,"minecraft:iron_leggings":1,"minecraft:torch":72},"minecraft:dropped":{"minecraft:iron_ingot":86,"minecraft:bread":64,"minecraft:wheat_seeds":10,"minecraft:granite":3,"minecraft:diorite":10,"minecraft:brewing_stand":1,"minecraft:torch":1,"minecraft:string":4,"minecraft:stone_axe":1,"minecraft:stone_sword":1,"minecraft:raw_copper":3,"minecraft:chicken":1,"minecraft:rotten_flesh":5,"minecraft:smoker":1,"minecraft:poppy":1,"minecraft:melon_seeds":2,"biomesoplenty:wildflower":2,"minecraft:spider_eye":1,"minecraft:stone_pickaxe":2,"minecraft:wooden_pickaxe":1},"minecraft:mined":{"minecraft:attached_melon_stem":1,"minecraft:oak_sapling":1,"biomesoplenty:desert_grass":6,"minecraft:brewing_stand":1,"minecraft:granite":4,"biomesoplenty:bush":2,"minecraft:acacia_log":2,"minecraft:grass_block":9,"minecraft:hay_block":71,"minecraft:furnace":6,"minecraft:iron_ore":111,"minecraft:andesite":2,"minecraft:stone":131,"minecraft:glass_pane":2,"minecraft:red_bed":3,"minecraft:melon_stem":1,"minecraft:smoker":1,"biomesoplenty:wildflower":2,"minecraft:crafting_table":5,"minecraft:torch":1,"minecraft:melon":3,"minecraft:tall_grass":4,"minecraft:copper_ore":1,"minecraft:cobblestone":7,"minecraft:diorite":10,"minecraft:red_terracotta":3,"minecraft:wheat":5,"minecraft:grass":31,"minecraft:coal_ore":89,"minecraft:oak_log":20,"minecraft:acacia_fence":1,"minecraft:dirt":17,"minecraft:sand":1,"minecraft:oak_leaves":3,"minecraft:deepslate":1},"minecraft:picked_up":{"minecraft:crafting_table":6,"minecraft:wheat":2,"minecraft:chicken":3,"minecraft:wooden_pickaxe":1,"minecraft:brewing_stand":2,"alexsmobs:gazelle_horn":3,"minecraft:string":2,"minecraft:red_bed":6,"minecraft:raw_copper":3,"alexsmobs:emu_feather":5,"minecraft:gold_nugget":3,"minecraft:beef":11,"minecraft:poppy":1,"minecraft:melon_slice":16,"biomesoplenty:wildflower":3,"minecraft:furnace":7,"minecraft:raw_iron":110,"minecraft:stick":17,"minecraft:acacia_fence":1,"minecraft:torch":5,"minecraft:acacia_log":6,"sophisticatedbackpacks:backpack":1,"minecraft:diorite":10,"minecraft:stone_sword":2,"minecraft:arrow":4,"minecraft:rotten_flesh":7,"minecraft:hay_block":71,"alexsmobs:emu_egg":2,"minecraft:mutton":18,"minecraft:cobblestone":135,"alexsmobs:kangaroo_meat":2,"minecraft:white_wool":10,"minecraft:feather":6,"minecraft:cooked_beef":6,"minecraft:andesite":5,"minecraft:leather":7,"minecraft:smoker":2,"minecraft:oak_log":20,"minecraft:dirt":59,"minecraft:bone":6,"minecraft:apple":2,"minecraft:wheat_seeds":17,"minecraft:stone_pickaxe":2,"minecraft:iron_ingot":12,"minecraft:oak_planks":53,"alexsmobs:animal_dictionary":1,"minecraft:red_terracotta":6,"minecraft:spider_eye":1,"alexsmobs:kangaroo_hide":2,"minecraft:stone_axe":2,"minecraft:granite":4,"minecraft:bone_meal":1,"minecraft:oak_sapling":2,"minecraft:coal":107,"minecraft:melon_seeds":2},"minecraft:custom":{"minecraft:interact_with_smithing_table":4,"minecraft:mob_kills":37,"minecraft:interact_with_crafting_table":20,"minecraft:damage_dealt_resisted":10,"minecraft:leave_game":2,"minecraft:time_since_death":138082,"minecraft:sprint_one_cm":323176,"minecraft:walk_one_cm":348664,"minecraft:drop":35,"minecraft:talked_to_villager":3,"minecraft:play_time":165929,"minecraft:deaths":1,"minecraft:sneak_time":4061,"minecraft:walk_under_water_one_cm":7645,"minecraft:boat_one_cm":168017,"minecraft:jump":1777,"minecraft:walk_on_water_one_cm":13874,"minecraft:total_world_time":165929,"minecraft:interact_with_furnace":34,"minecraft:sleep_in_bed":6,"minecraft:time_since_rest":0,"minecraft:damage_taken":1628,"minecraft:damage_dealt":6254,"minecraft:fly_one_cm":231520,"minecraft:open_chest":12,"minecraft:crouch_one_cm":13133,"minecraft:fall_one_cm":56367},"minecraft:used":{"alexsmobs:emu_egg":2,"minecraft:stone_sword":152,"minecraft:iron_sword":16,"minecraft:cooked_chicken":2,"minecraft:rotten_flesh":2,"minecraft:torch":62,"minecraft:dirt":33,"minecraft:granite":1,"minecraft:hay_block":3,"minecraft:furnace":7,"minecraft:oak_sapling":2,"minecraft:acacia_fence":1,"minecraft:cooked_beef":7,"minecraft:wheat_seeds":4,"minecraft:stone_pickaxe":373,"minecraft:wooden_pickaxe":21,"minecraft:crafting_table":7,"minecraft:red_bed":4,"minecraft:oak_log":1,"minecraft:apple":2,"minecraft:melon_slice":3,"minecraft:bread":17,"minecraft:red_terracotta":3,"minecraft:stone_axe":123,"minecraft:cobblestone":80,"minecraft:andesite":5,"minecraft:oak_boat":1,"minecraft:bone_meal":5},"minecraft:killed_by":{"alexsmobs:elephant":1}},"DataVersion":3465}