{"stats":{"minecraft:broken":{"minecraft:stone_pickaxe":2,"minecraft:stone_sword":1,"minecraft:stone_axe":1},"minecraft:killed":{"minecraft:spider":3,"alexsmobs:emu":2,"minecraft:skeleton":5,"minecraft:sheep":7,"minecraft:zombie":4,"minecraft:chicken":2,"alexsmobs:gazelle":2,"alexsmobs:kangaroo":1,"minecraft:cow":5},"minecraft:crafted":{"minecraft:cooked_beef":9,"minecraft:oak_planks":76,"minecraft:crafting_table":3,"minecraft:iron_helmet":1,"minecraft:wooden_pickaxe":1,"minecraft:cooked_chicken":2,"minecraft:furnace":2,"minecraft:bone_meal":6,"minecraft:stone_axe":1,"minecraft:bread":204,"minecraft:air":0,"minecraft:oak_boat":1,"minecraft:iron_boots":1,"minecraft:iron_chestplate":1,"minecraft:stick":40,"minecraft:iron_ingot":55,"minecraft:stone_pickaxe":3,"minecraft:stone_sword":1,"minecraft:iron_leggings":1,"minecraft:torch":72,"minecraft:wheat":612},"minecraft:dropped":{"minecraft:iron_ingot":36,"minecraft:bread":64,"minecraft:stone_axe":1,"minecraft:wheat_seeds":10,"minecraft:stone_sword":1,"minecraft:chicken":1,"minecraft:rotten_flesh":5,"minecraft:granite":3,"minecraft:poppy":1,"minecraft:diorite":10,"minecraft:torch":1,"minecraft:melon_seeds":2,"biomesoplenty:wildflower":2,"minecraft:spider_eye":1,"minecraft:stone_pickaxe":1,"minecraft:wooden_pickaxe":1},"minecraft:mined":{"minecraft:attached_melon_stem":1,"minecraft:oak_sapling":1,"minecraft:glass_pane":2,"minecraft:red_bed":2,"minecraft:melon_stem":1,"minecraft:smoker":1,"biomesoplenty:wildflower":2,"biomesoplenty:desert_grass":6,"minecraft:brewing_stand":1,"minecraft:crafting_table":4,"minecraft:granite":4,"biomesoplenty:bush":1,"minecraft:acacia_log":2,"minecraft:grass_block":5,"minecraft:melon":3,"minecraft:tall_grass":4,"minecraft:cobblestone":7,"minecraft:diorite":10,"minecraft:hay_block":71,"minecraft:red_terracotta":3,"minecraft:furnace":4,"minecraft:iron_ore":111,"minecraft:wheat":5,"minecraft:andesite":2,"minecraft:grass":30,"minecraft:oak_log":20,"minecraft:coal_ore":87,"minecraft:acacia_fence":1,"minecraft:sand":1,"minecraft:dirt":15,"minecraft:stone":100,"minecraft:deepslate":1,"minecraft:oak_leaves":3},"minecraft:picked_up":{"minecraft:crafting_table":5,"minecraft:wheat":2,"minecraft:feather":6,"minecraft:cooked_beef":6,"minecraft:chicken":3,"minecraft:andesite":5,"minecraft:leather":6,"minecraft:wooden_pickaxe":1,"minecraft:smoker":2,"minecraft:oak_log":20,"minecraft:brewing_stand":2,"minecraft:string":2,"minecraft:dirt":53,"minecraft:red_bed":5,"minecraft:bone":6,"minecraft:apple":2,"minecraft:wheat_seeds":17,"alexsmobs:emu_feather":5,"minecraft:gold_nugget":3,"minecraft:iron_ingot":5,"minecraft:beef":11,"minecraft:stone_pickaxe":2,"minecraft:poppy":1,"biomesoplenty:wildflower":3,"minecraft:melon_slice":16,"minecraft:oak_planks":53,"minecraft:furnace":5,"minecraft:stick":17,"minecraft:raw_iron":110,"minecraft:acacia_fence":1,"minecraft:torch":4,"minecraft:acacia_log":6,"minecraft:diorite":10,"minecraft:red_terracotta":6,"minecraft:spider_eye":1,"alexsmobs:animal_dictionary":1,"alexsmobs:kangaroo_hide":2,"minecraft:stone_sword":2,"minecraft:arrow":4,"minecraft:rotten_flesh":7,"minecraft:stone_axe":2,"minecraft:hay_block":71,"minecraft:granite":4,"minecraft:bone_meal":1,"alexsmobs:emu_egg":2,"alexsmobs:kangaroo_meat":2,"minecraft:oak_sapling":2,"minecraft:melon_seeds":2,"minecraft:mutton":15,"minecraft:coal":87,"minecraft:white_wool":10,"minecraft:cobblestone":104},"minecraft:custom":{"minecraft:interact_with_furnace":27,"minecraft:mob_kills":33,"minecraft:interact_with_crafting_table":18,"minecraft:damage_dealt_resisted":10,"minecraft:leave_game":2,"minecraft:time_since_death":114082,"minecraft:sleep_in_bed":3,"minecraft:time_since_rest":87016,"minecraft:sprint_one_cm":292710,"minecraft:damage_taken":1582,"minecraft:walk_one_cm":311387,"minecraft:drop":28,"minecraft:damage_dealt":5664,"minecraft:talked_to_villager":3,"minecraft:fly_one_cm":194984,"minecraft:open_chest":7,"minecraft:crouch_one_cm":12730,"minecraft:play_time":141929,"minecraft:deaths":1,"minecraft:sneak_time":3769,"minecraft:walk_under_water_one_cm":7541,"minecraft:boat_one_cm":168017,"minecraft:jump":1515,"minecraft:walk_on_water_one_cm":13044,"minecraft:total_world_time":141929,"minecraft:fall_one_cm":48885},"minecraft:used":{"alexsmobs:emu_egg":2,"minecraft:wheat_seeds":4,"minecraft:stone_sword":152,"minecraft:stone_pickaxe":330,"minecraft:wooden_pickaxe":21,"minecraft:cooked_chicken":2,"minecraft:rotten_flesh":2,"minecraft:torch":56,"minecraft:dirt":33,"minecraft:crafting_table":7,"minecraft:red_bed":2,"minecraft:granite":1,"minecraft:oak_log":1,"minecraft:apple":2,"minecraft:bread":14,"minecraft:melon_slice":3,"minecraft:red_terracotta":3,"minecraft:stone_axe":123,"minecraft:cobblestone":54,"minecraft:hay_block":3,"minecraft:oak_sapling":2,"minecraft:furnace":6,"minecraft:andesite":5,"minecraft:acacia_fence":1,"minecraft:oak_boat":1,"minecraft:cooked_beef":6,"minecraft:bone_meal":5},"minecraft:killed_by":{"alexsmobs:elephant":1}},"DataVersion":3465}