{"stats":{"minecraft:broken":{"minecraft:stone_pickaxe":1,"minecraft:stone_axe":1},"minecraft:killed":{"alexsmobs:emu":1,"minecraft:skeleton":1,"minecraft:sheep":7,"minecraft:zombie":3,"minecraft:chicken":2,"alexsmobs:gazelle":2,"minecraft:cow":5},"minecraft:crafted":{"minecraft:cooked_beef":9,"minecraft:oak_planks":76,"minecraft:crafting_table":2,"minecraft:iron_helmet":1,"minecraft:wooden_pickaxe":1,"minecraft:cooked_chicken":2,"minecraft:furnace":2,"minecraft:bone_meal":6,"minecraft:stone_axe":1,"minecraft:bread":204,"minecraft:air":0,"minecraft:oak_boat":1,"minecraft:iron_boots":1,"minecraft:iron_chestplate":1,"minecraft:stick":24,"minecraft:iron_ingot":55,"minecraft:stone_pickaxe":2,"minecraft:stone_sword":1,"minecraft:iron_leggings":1,"minecraft:torch":28,"minecraft:wheat":612},"minecraft:dropped":{"minecraft:iron_ingot":36,"minecraft:bread":64,"minecraft:stone_axe":1,"minecraft:wheat_seeds":4,"minecraft:chicken":1,"minecraft:rotten_flesh":2,"minecraft:poppy":1,"minecraft:diorite":9,"biomesoplenty:wildflower":2,"minecraft:stone_pickaxe":1,"minecraft:wooden_pickaxe":1},"minecraft:mined":{"minecraft:oak_sapling":1,"minecraft:glass_pane":2,"minecraft:red_bed":2,"minecraft:smoker":1,"biomesoplenty:wildflower":2,"biomesoplenty:desert_grass":5,"minecraft:brewing_stand":1,"minecraft:crafting_table":3,"minecraft:granite":1,"biomesoplenty:bush":1,"minecraft:acacia_log":2,"minecraft:grass_block":5,"minecraft:melon":3,"minecraft:tall_grass":3,"minecraft:cobblestone":7,"minecraft:diorite":9,"minecraft:hay_block":71,"minecraft:red_terracotta":3,"minecraft:furnace":4,"minecraft:iron_ore":55,"minecraft:wheat":3,"minecraft:andesite":2,"minecraft:grass":25,"minecraft:oak_log":20,"minecraft:coal_ore":25,"minecraft:acacia_fence":1,"minecraft:sand":1,"minecraft:dirt":15,"minecraft:stone":63,"minecraft:oak_leaves":3},"minecraft:picked_up":{"minecraft:crafting_table":4,"minecraft:wheat":1,"minecraft:feather":6,"minecraft:cooked_beef":6,"minecraft:chicken":3,"minecraft:andesite":2,"minecraft:leather":6,"minecraft:wooden_pickaxe":1,"minecraft:smoker":2,"minecraft:oak_log":20,"minecraft:brewing_stand":2,"minecraft:dirt":52,"minecraft:red_bed":5,"minecraft:bone":2,"minecraft:apple":2,"minecraft:wheat_seeds":11,"alexsmobs:emu_feather":4,"minecraft:gold_nugget":3,"minecraft:iron_ingot":5,"minecraft:beef":11,"minecraft:stone_pickaxe":2,"minecraft:poppy":1,"biomesoplenty:wildflower":3,"minecraft:melon_slice":16,"minecraft:oak_planks":53,"minecraft:furnace":5,"minecraft:stick":15,"minecraft:raw_iron":55,"minecraft:acacia_fence":1,"minecraft:acacia_log":6,"minecraft:diorite":9,"minecraft:red_terracotta":6,"alexsmobs:animal_dictionary":1,"minecraft:stone_sword":1,"minecraft:rotten_flesh":4,"minecraft:stone_axe":2,"minecraft:hay_block":71,"minecraft:granite":1,"minecraft:bone_meal":1,"alexsmobs:emu_egg":2,"minecraft:oak_sapling":2,"minecraft:mutton":15,"minecraft:coal":25,"minecraft:white_wool":10,"minecraft:cobblestone":68},"minecraft:custom":{"minecraft:interact_with_furnace":23,"minecraft:mob_kills":23,"minecraft:interact_with_crafting_table":16,"minecraft:damage_dealt_resisted":10,"minecraft:leave_game":2,"minecraft:time_since_death":54082,"minecraft:sleep_in_bed":3,"minecraft:time_since_rest":27016,"minecraft:sprint_one_cm":207319,"minecraft:damage_taken":1054,"minecraft:walk_one_cm":191292,"minecraft:drop":15,"minecraft:damage_dealt":3220,"minecraft:talked_to_villager":3,"minecraft:fly_one_cm":137274,"minecraft:open_chest":7,"minecraft:crouch_one_cm":7108,"minecraft:play_time":81929,"minecraft:deaths":1,"minecraft:sneak_time":2077,"minecraft:walk_under_water_one_cm":5057,"minecraft:boat_one_cm":168017,"minecraft:jump":960,"minecraft:walk_on_water_one_cm":9575,"minecraft:total_world_time":81929,"minecraft:fall_one_cm":32912},"minecraft:used":{"alexsmobs:emu_egg":2,"minecraft:stone_sword":73,"minecraft:stone_pickaxe":161,"minecraft:wooden_pickaxe":21,"minecraft:cooked_chicken":2,"minecraft:rotten_flesh":2,"minecraft:torch":10,"minecraft:dirt":32,"minecraft:crafting_table":5,"minecraft:red_bed":2,"minecraft:granite":1,"minecraft:oak_log":1,"minecraft:apple":2,"minecraft:bread":4,"minecraft:melon_slice":3,"minecraft:red_terracotta":3,"minecraft:stone_axe":123,"minecraft:cobblestone":32,"minecraft:hay_block":3,"minecraft:oak_sapling":2,"minecraft:furnace":4,"minecraft:andesite":2,"minecraft:acacia_fence":1,"minecraft:oak_boat":1,"minecraft:cooked_beef":5,"minecraft:bone_meal":5},"minecraft:killed_by":{"alexsmobs:elephant":1}},"DataVersion":3465}