{"stats":{"minecraft:broken":{"minecraft:stone_sword":1,"minecraft:stone_pickaxe":2,"minecraft:stone_axe":1},"minecraft:killed":{"alexsmobs:raccoon":1,"minecraft:spider":3,"minecraft:horse":1,"minecraft:skeleton":6,"minecraft:chicken":2,"alexsmobs:kangaroo":1,"alexsmobs:emu":2,"minecraft:sheep":7,"minecraft:zombie":6,"alexsmobs:gazelle":4,"minecraft:cow":8},"minecraft:crafted":{"minecraft:oak_planks":76,"minecraft:cooked_chicken":2,"minecraft:furnace":2,"minecraft:bone_meal":6,"minecraft:cooked_mutton":14,"minecraft:iron_boots":1,"minecraft:stone_pickaxe":4,"minecraft:wheat":612,"minecraft:cooked_beef":11,"minecraft:crafting_table":3,"minecraft:wooden_pickaxe":1,"minecraft:iron_helmet":1,"minecraft:iron_sword":1,"minecraft:stone_axe":1,"minecraft:bread":204,"minecraft:air":0,"minecraft:oak_boat":1,"minecraft:iron_chestplate":1,"minecraft:stick":40,"minecraft:iron_ingot":103,"minecraft:iron_pickaxe":1,"minecraft:stone_sword":1,"minecraft:iron_leggings":1,"minecraft:acacia_planks":16,"minecraft:torch":72},"minecraft:dropped":{"minecraft:iron_ingot":86,"minecraft:bread":128,"minecraft:iron_sword":1,"minecraft:wheat_seeds":10,"minecraft:iron_helmet":1,"minecraft:granite":3,"minecraft:coal":32,"minecraft:dirt":6,"minecraft:diorite":10,"minecraft:brewing_stand":1,"minecraft:torch":1,"minecraft:mutton":1,"minecraft:iron_leggings":1,"minecraft:iron_axe":1,"minecraft:iron_pickaxe":2,"minecraft:string":4,"minecraft:bucket":1,"minecraft:stone_axe":2,"alexsmobs:gazelle_horn":3,"minecraft:stone_sword":1,"minecraft:raw_copper":6,"minecraft:chicken":1,"minecraft:rotten_flesh":5,"minecraft:iron_boots":1,"minecraft:smoker":1,"sophisticatedbackpacks:backpack":1,"alexsmobs:bear_fur":1,"minecraft:poppy":1,"minecraft:shield":1,"minecraft:iron_chestplate":1,"minecraft:melon_seeds":2,"biomesoplenty:wildflower":2,"minecraft:chest":1,"minecraft:spider_eye":1,"minecraft:beef":5,"minecraft:stone_pickaxe":3,"minecraft:wooden_pickaxe":1},"minecraft:mined":{"minecraft:tuff":2,"minecraft:attached_melon_stem":1,"minecraft:oak_sapling":1,"biomesoplenty:desert_grass":6,"minecraft:brewing_stand":1,"minecraft:granite":4,"biomesoplenty:bush":3,"minecraft:acacia_log":2,"minecraft:grass_block":9,"minecraft:hay_block":71,"minecraft:furnace":7,"minecraft:iron_ore":120,"minecraft:andesite":2,"minecraft:pointed_dripstone":2,"minecraft:deepslate_iron_ore":17,"minecraft:stone":138,"minecraft:glass_pane":2,"minecraft:red_bed":5,"minecraft:melon_stem":1,"minecraft:smoker":1,"biomesoplenty:wildflower":2,"minecraft:crafting_table":5,"minecraft:torch":1,"minecraft:melon":3,"minecraft:tall_grass":4,"minecraft:copper_ore":1,"minecraft:cobblestone":7,"minecraft:deepslate_gold_ore":7,"minecraft:diorite":10,"minecraft:red_terracotta":3,"minecraft:wheat":5,"minecraft:birch_leaves":1,"minecraft:grass":31,"minecraft:coal_ore":109,"minecraft:oak_log":20,"minecraft:gravel":1,"minecraft:acacia_fence":1,"minecraft:dirt":17,"minecraft:sand":1,"minecraft:oak_leaves":3,"minecraft:deepslate":3},"minecraft:picked_up":{"minecraft:iron_chestplate":1,"minecraft:crafting_table":7,"minecraft:wheat":2,"minecraft:chicken":3,"minecraft:wooden_pickaxe":1,"minecraft:brewing_stand":2,"minecraft:shield":1,"minecraft:iron_axe":1,"alexsmobs:gazelle_horn":3,"minecraft:string":2,"minecraft:red_bed":7,"minecraft:raw_copper":6,"minecraft:iron_leggings":1,"alexsmobs:emu_feather":5,"minecraft:gold_nugget":3,"minecraft:cobbled_deepslate":2,"minecraft:bucket":1,"minecraft:beef":16,"minecraft:poppy":1,"minecraft:iron_pickaxe":2,"minecraft:melon_slice":16,"biomesoplenty:wildflower":3,"minecraft:sugar_cane":14,"minecraft:chest":1,"minecraft:iron_boots":1,"minecraft:furnace":9,"minecraft:raw_iron":136,"minecraft:stick":17,"minecraft:acacia_fence":1,"minecraft:torch":5,"minecraft:acacia_log":6,"sophisticatedbackpacks:backpack":2,"minecraft:pointed_dripstone":13,"minecraft:diorite":10,"minecraft:stone_sword":2,"minecraft:arrow":7,"minecraft:rotten_flesh":7,"minecraft:hay_block":71,"alexsmobs:emu_egg":2,"sophisticatedbackpacks:copper_backpack":1,"minecraft:mutton":22,"minecraft:cobblestone":142,"alexsmobs:kangaroo_meat":2,"minecraft:white_wool":10,"minecraft:feather":6,"minecraft:cooked_beef":6,"minecraft:andesite":5,"minecraft:leather":12,"minecraft:smoker":2,"alexsmobs:bear_fur":1,"minecraft:tuff":2,"minecraft:oak_log":21,"minecraft:dirt":59,"minecraft:bone":9,"minecraft:apple":2,"minecraft:wheat_seeds":17,"minecraft:raw_gold":7,"minecraft:stone_pickaxe":3,"minecraft:iron_ingot":12,"minecraft:iron_sword":1,"minecraft:oak_planks":53,"alexsmobs:animal_dictionary":1,"minecraft:red_terracotta":6,"minecraft:spider_eye":1,"alexsmobs:kangaroo_hide":2,"minecraft:stone_axe":3,"minecraft:iron_helmet":1,"minecraft:granite":4,"minecraft:bone_meal":1,"minecraft:bread":35,"minecraft:oak_sapling":2,"minecraft:coal":149,"minecraft:melon_seeds":2},"minecraft:custom":{"minecraft:interact_with_smithing_table":4,"minecraft:mob_kills":43,"minecraft:interact_with_crafting_table":20,"minecraft:damage_dealt_resisted":10,"minecraft:leave_game":3,"minecraft:time_since_death":160961,"minecraft:sprint_one_cm":364231,"minecraft:walk_one_cm":420916,"minecraft:drop":59,"minecraft:talked_to_villager":3,"minecraft:play_time":188808,"minecraft:deaths":1,"minecraft:sneak_time":4978,"minecraft:walk_under_water_one_cm":16658,"minecraft:boat_one_cm":168017,"minecraft:jump":2290,"minecraft:walk_on_water_one_cm":28074,"minecraft:total_world_time":188808,"minecraft:interact_with_furnace":42,"minecraft:sleep_in_bed":6,"minecraft:time_since_rest":22860,"minecraft:damage_taken":2146,"minecraft:damage_dealt":7601,"minecraft:player_kills":1,"minecraft:fly_one_cm":280197,"minecraft:open_chest":12,"minecraft:crouch_one_cm":17577,"minecraft:fall_one_cm":79163},"minecraft:used":{"alexsmobs:emu_egg":2,"minecraft:stone_sword":152,"minecraft:iron_sword":58,"minecraft:cooked_chicken":2,"minecraft:rotten_flesh":2,"minecraft:torch":68,"minecraft:dirt":33,"minecraft:granite":1,"minecraft:hay_block":3,"minecraft:furnace":8,"minecraft:oak_sapling":2,"minecraft:acacia_fence":1,"minecraft:cooked_beef":9,"minecraft:wheat_seeds":4,"minecraft:cooked_mutton":1,"minecraft:stone_pickaxe":400,"minecraft:wooden_pickaxe":21,"minecraft:crafting_table":7,"minecraft:red_bed":4,"minecraft:oak_log":1,"minecraft:apple":2,"minecraft:melon_slice":3,"minecraft:bread":20,"minecraft:iron_pickaxe":41,"minecraft:red_terracotta":3,"minecraft:stone_axe":123,"minecraft:cobblestone":89,"minecraft:andesite":5,"minecraft:oak_boat":1,"minecraft:bone_meal":5},"minecraft:killed_by":{"alexsmobs:elephant":1}},"DataVersion":3465}