{"stats":{"minecraft:broken":{"minecraft:stone_pickaxe":1},"minecraft:killed":{"minecraft:pig":1,"minecraft:spider":2,"minecraft:skeleton":1,"minecraft:zombie":4,"alexsmobs:fly":1,"minecraft:cow":3},"minecraft:crafted":{"minecraft:cooked_beef":3,"minecraft:oak_planks":24,"minecraft:cooked_porkchop":1,"minecraft:crafting_table":1,"minecraft:wooden_pickaxe":1,"minecraft:furnace":2,"minecraft:stone_axe":1,"minecraft:air":0,"minecraft:shield":1,"minecraft:stick":16,"minecraft:iron_ingot":1,"minecraft:stone_pickaxe":2,"minecraft:wooden_axe":1,"minecraft:stone_sword":1,"minecraft:torch":12,"minecraft:smoker":1},"minecraft:dropped":{"alexsmobs:maggot":2},"minecraft:mined":{"minecraft:smoker":4,"minecraft:crafting_table":5,"minecraft:granite":16,"minecraft:sugar_cane":2,"minecraft:diorite":1,"minecraft:furnace":2,"minecraft:iron_ore":1,"minecraft:birch_leaves":1,"minecraft:grass":4,"minecraft:oak_log":63,"minecraft:coal_ore":40,"minecraft:dirt":3,"minecraft:stone":101,"minecraft:oak_leaves":5},"minecraft:picked_up":{"minecraft:crafting_table":5,"minecraft:leather":1,"minecraft:smoker":4,"minecraft:oak_log":65,"minecraft:dirt":9,"minecraft:string":4,"minecraft:bone":1,"minecraft:wheat_seeds":1,"minecraft:beef":3,"minecraft:sugar_cane":4,"minecraft:furnace":2,"minecraft:raw_iron":1,"minecraft:porkchop":1,"minecraft:diorite":1,"minecraft:arrow":4,"minecraft:rotten_flesh":2,"minecraft:granite":16,"alexsmobs:maggot":2,"minecraft:oak_sapling":2,"minecraft:coal":107,"minecraft:cobblestone":104},"minecraft:custom":{"minecraft:interact_with_furnace":5,"minecraft:mob_kills":13,"minecraft:interact_with_crafting_table":7,"minecraft:leave_game":2,"minecraft:time_since_death":1332,"minecraft:time_since_rest":1364,"minecraft:sprint_one_cm":63889,"minecraft:damage_taken":595,"minecraft:walk_one_cm":26452,"minecraft:damage_blocked_by_shield":415,"minecraft:drop":1,"minecraft:damage_dealt":1980,"minecraft:swim_one_cm":3006,"minecraft:fly_one_cm":64119,"minecraft:crouch_one_cm":20399,"minecraft:play_time":25874,"minecraft:deaths":1,"minecraft:sneak_time":6276,"minecraft:walk_under_water_one_cm":24,"minecraft:jump":349,"minecraft:walk_on_water_one_cm":1167,"minecraft:total_world_time":25874,"minecraft:interact_with_smoker":6,"minecraft:fall_one_cm":5827},"minecraft:used":{"minecraft:stone_sword":41,"minecraft:stone_pickaxe":168,"minecraft:wooden_pickaxe":3,"minecraft:shield":18,"minecraft:rotten_flesh":1,"minecraft:torch":7,"minecraft:crafting_table":5,"minecraft:granite":1,"minecraft:smoker":4,"minecraft:wooden_axe":15,"minecraft:stone_axe":54,"minecraft:cobblestone":7,"minecraft:furnace":2,"minecraft:cooked_porkchop":1,"minecraft:cooked_beef":3},"minecraft:killed_by":{"minecraft:zombie":1}},"DataVersion":3465}