{"stats":{"minecraft:killed":{"alexsmobs:fly":1},"minecraft:crafted":{"minecraft:furnace":2,"minecraft:stone_sword":1,"minecraft:oak_planks":20,"minecraft:stone_axe":1,"minecraft:crafting_table":1,"minecraft:stick":12,"minecraft:smoker":1,"minecraft:wooden_pickaxe":1,"minecraft:stone_pickaxe":1,"minecraft:wooden_axe":1},"minecraft:dropped":{"alexsmobs:maggot":2},"minecraft:picked_up":{"minecraft:crafting_table":3,"minecraft:oak_log":57,"alexsmobs:maggot":2,"minecraft:oak_sapling":2,"minecraft:coal":13,"minecraft:cobblestone":55},"minecraft:mined":{"minecraft:grass":3,"minecraft:oak_log":55,"minecraft:coal_ore":13,"minecraft:stone":55,"minecraft:oak_leaves":3,"minecraft:crafting_table":3},"minecraft:custom":{"minecraft:time_since_rest":13505,"minecraft:crouch_one_cm":12737,"minecraft:play_time":13505,"minecraft:sprint_one_cm":26652,"minecraft:damage_taken":85,"minecraft:walk_one_cm":6962,"minecraft:sneak_time":3267,"minecraft:mob_kills":1,"minecraft:drop":1,"minecraft:jump":127,"minecraft:damage_dealt":20,"minecraft:leave_game":1,"minecraft:time_since_death":13505,"minecraft:total_world_time":13505,"minecraft:interact_with_crafting_table":5,"minecraft:fall_one_cm":1591,"minecraft:fly_one_cm":26778},"minecraft:used":{"minecraft:wooden_axe":15,"minecraft:stone_axe":44,"minecraft:stone_sword":1,"minecraft:crafting_table":3,"minecraft:stone_pickaxe":66,"minecraft:wooden_pickaxe":3}},"DataVersion":3465}