{"stats":{"minecraft:used":{"minecraft:wooden_axe":9,"minecraft:crafting_table":1},"minecraft:picked_up":{"minecraft:crafting_table":1,"minecraft:oak_log":12},"minecraft:custom":{"minecraft:jump":1,"minecraft:time_since_rest":3761,"minecraft:sprint_one_cm":1086,"minecraft:crouch_one_cm":2111,"minecraft:play_time":3761,"minecraft:damage_taken":10,"minecraft:time_since_death":3761,"minecraft:walk_one_cm":942,"minecraft:sneak_time":600,"minecraft:total_world_time":3761,"minecraft:interact_with_crafting_table":1,"minecraft:fall_one_cm":335,"minecraft:fly_one_cm":28},"minecraft:crafted":{"minecraft:crafting_table":1,"minecraft:oak_planks":16,"minecraft:stick":4,"minecraft:wooden_pickaxe":1,"minecraft:wooden_axe":1},"minecraft:mined":{"minecraft:oak_log":12,"minecraft:crafting_table":1}},"DataVersion":3465}