{"stats":{"minecraft:crafted":{"biomesoplenty:jacaranda_planks":4,"minecraft:crafting_table":1},"minecraft:mined":{"minecraft:grass_block":3,"biomesoplenty:jacaranda_log":1,"minecraft:dirt":3,"minecraft:birch_log":2,"biomesoplenty:lavender":1},"minecraft:used":{"minecraft:dirt":5,"minecraft:crafting_table":1},"minecraft:dropped":{"biomesoplenty:lavender":1},"minecraft:custom":{"minecraft:time_since_rest":506,"minecraft:deaths":1,"minecraft:crouch_one_cm":1277,"minecraft:play_time":6962,"minecraft:sprint_one_cm":21994,"minecraft:damage_taken":280,"minecraft:walk_one_cm":16981,"minecraft:sneak_time":346,"minecraft:walk_under_water_one_cm":1933,"minecraft:drop":1,"minecraft:jump":195,"minecraft:damage_dealt":255,"minecraft:leave_game":2,"minecraft:time_since_death":0,"minecraft:walk_on_water_one_cm":3091,"minecraft:total_world_time":6962,"minecraft:swim_one_cm":7861,"minecraft:interact_with_crafting_table":1,"minecraft:fall_one_cm":5184,"minecraft:fly_one_cm":32973},"minecraft:picked_up":{"biomesoplenty:lavender":1,"minecraft:birch_log":2,"biomesoplenty:jacaranda_log":1,"minecraft:dirt":6},"minecraft:killed_by":{"alexsmobs:bison":1}},"DataVersion":3465}